cond	medium	cov	log2ptr	passed	growth_rate	pred_log2ptr
complete	M10	0.5000	0.9227	False	1.1500	1.2108
complete	M10	10.0000	1.2245	True	1.1500	1.2108
complete	M10	1.0000	1.0603	False	1.1500	1.2108
complete	M10	2.0000	1.1368	True	1.1500	1.2108
complete	M10	5.0000	1.1907	True	1.1500	1.2108
complete	M12	0.5000	1.1055	False	1.0220	1.1568
complete	M12	10.0000	1.2789	False	1.0220	1.1568
complete	M12	1.0000	1.0063	False	1.0220	1.1568
complete	M12	2.0000	1.1663	False	1.0220	1.1568
complete	M12	5.0000	1.1908	True	1.0220	1.1568
complete	M13	0.5000	0.8122	False	0.8612	1.0326
complete	M13	10.0000	1.0485	True	0.8612	1.0326
complete	M13	1.0000	0.8917	False	0.8612	1.0326
complete	M13	2.0000	0.9118	False	0.8612	1.0326
complete	M13	5.0000	1.0033	True	0.8612	1.0326
complete	M17	0.5000	0.4706	False	0.7440	0.7020
complete	M17	10.0000	0.7539	True	0.7440	0.7020
complete	M17	1.0000	0.7407	False	0.7440	0.7020
complete	M17	2.0000	0.6585	False	0.7440	0.7020
complete	M17	5.0000	0.6780	True	0.7440	0.7020
complete	M18	0.5000	0.7964	False	0.7413	0.8578
complete	M18	10.0000	0.8680	True	0.7413	0.8578
complete	M18	1.0000	0.7423	False	0.7413	0.8578
complete	M18	2.0000	0.8801	False	0.7413	0.8578
complete	M18	5.0000	0.8862	False	0.7413	0.8578
complete	M19	0.5000	0.5749	False	0.5776	0.8862
complete	M19	10.0000	0.8912	True	0.5776	0.8862
complete	M19	1.0000	0.7082	False	0.5776	0.8862
complete	M19	2.0000	0.5997	False	0.5776	0.8862
complete	M19	5.0000	0.8931	True	0.5776	0.8862
complete	M1	0.5000	1.3177	False	1.7207	1.7250
complete	M1	10.0000	1.7976	True	1.7207	1.7250
complete	M1	1.0000	1.5876	False	1.7207	1.7250
complete	M1	2.0000	1.6876	True	1.7207	1.7250
complete	M1	5.0000	1.7850	True	1.7207	1.7250
complete	M22	0.5000	0.6065	False	0.4892	0.7233
complete	M22	10.0000	0.7213	True	0.4892	0.7233
complete	M22	1.0000	0.5709	False	0.4892	0.7233
complete	M22	2.0000	0.7014	True	0.4892	0.7233
complete	M22	5.0000	0.6825	False	0.4892	0.7233
complete	M23	0.5000	0.5438	False	0.4770	0.5420
complete	M23	10.0000	0.5504	False	0.4770	0.5420
complete	M23	1.0000	0.5063	False	0.4770	0.5420
complete	M23	2.0000	0.6409	True	0.4770	0.5420
complete	M23	5.0000	0.5985	False	0.4770	0.5420
complete	M24	0.5000	0.3119	False	0.4648	0.6861
complete	M24	10.0000	0.6712	True	0.4648	0.6861
complete	M24	1.0000	0.5780	False	0.4648	0.6861
complete	M24	2.0000	0.6240	True	0.4648	0.6861
complete	M24	5.0000	0.6862	True	0.4648	0.6861
complete	M25	0.5000	0.6578	False	0.4346	0.6425
complete	M25	10.0000	0.6465	False	0.4346	0.6425
complete	M25	1.0000	0.6970	False	0.4346	0.6425
complete	M25	2.0000	0.5793	True	0.4346	0.6425
complete	M25	5.0000	0.6159	True	0.4346	0.6425
complete	M27	0.5000	0.3572	False	0.3992	0.5526
complete	M27	10.0000	0.5488	True	0.3992	0.5526
complete	M27	1.0000	0.3934	False	0.3992	0.5526
complete	M27	2.0000	0.4415	False	0.3992	0.5526
complete	M27	5.0000	0.5011	True	0.3992	0.5526
complete	M2	0.5000	1.1100	False	1.5100	1.6844
complete	M2	10.0000	1.8715	True	1.5100	1.6844
complete	M2	1.0000	1.3692	False	1.5100	1.6844
complete	M2	2.0000	1.4370	False	1.5100	1.6844
complete	M2	5.0000	1.6988	True	1.5100	1.6844
complete	M3	0.5000	1.0276	False	1.4380	1.4630
complete	M3	10.0000	1.5094	False	1.4380	1.4630
complete	M3	1.0000	1.2400	False	1.4380	1.4630
complete	M3	2.0000	1.4333	True	1.4380	1.4630
complete	M3	5.0000	1.5297	False	1.4380	1.4630
complete	M4	0.5000	1.0803	False	1.3718	1.5315
complete	M4	10.0000	1.5478	True	1.3718	1.5315
complete	M4	1.0000	1.3565	False	1.3718	1.5315
complete	M4	2.0000	1.2839	False	1.3718	1.5315
complete	M4	5.0000	1.4710	True	1.3718	1.5315
complete	M6	0.5000	0.9986	False	1.3549	1.3298
complete	M6	10.0000	1.2931	True	1.3549	1.3298
complete	M6	1.0000	1.1941	False	1.3549	1.3298
complete	M6	2.0000	1.2915	True	1.3549	1.3298
complete	M6	5.0000	1.3363	True	1.3549	1.3298
complete	RUN_OUT	0.5000	0.2597	False		
complete	RUN_OUT	10.0000	0.0464	False		
complete	RUN_OUT	1.0000	0.0771	False		
complete	RUN_OUT	2.0000	0.0971	True		
complete	RUN_OUT	5.0000	0.0601	False		
frag	M10	0.5000	0.2616	False	1.1500	1.2108
frag	M10	10.0000	0.2125	True	1.1500	1.2108
frag	M10	1.0000	0.2035	False	1.1500	1.2108
frag	M10	2.0000	0.1592	True	1.1500	1.2108
frag	M10	5.0000	0.1772	True	1.1500	1.2108
frag	M12	0.5000	0.3580	False	1.0220	1.1568
frag	M12	10.0000	0.2602	True	1.0220	1.1568
frag	M12	1.0000	0.3010	False	1.0220	1.1568
frag	M12	2.0000	0.2084	True	1.0220	1.1568
frag	M12	5.0000	0.2544	True	1.0220	1.1568
frag	M13	0.5000	0.1637	False	0.8612	1.0326
frag	M13	10.0000	0.2301	True	0.8612	1.0326
frag	M13	1.0000	0.2729	False	0.8612	1.0326
frag	M13	2.0000	0.2225	True	0.8612	1.0326
frag	M13	5.0000	0.2798	True	0.8612	1.0326
frag	M17	0.5000	0.1500	False	0.7440	0.7020
frag	M17	10.0000	0.2132	True	0.7440	0.7020
frag	M17	1.0000	0.3270	False	0.7440	0.7020
frag	M17	2.0000	0.2686	True	0.7440	0.7020
frag	M17	5.0000	0.2158	True	0.7440	0.7020
frag	M18	0.5000	0.3579	False	0.7413	0.8578
frag	M18	10.0000	0.1749	True	0.7413	0.8578
frag	M18	1.0000	0.1170	False	0.7413	0.8578
frag	M18	2.0000	0.2018	True	0.7413	0.8578
frag	M18	5.0000	0.1832	True	0.7413	0.8578
frag	M19	0.5000	0.3167	False	0.5776	0.8862
frag	M19	10.0000	0.2089	True	0.5776	0.8862
frag	M19	1.0000	0.2644	False	0.5776	0.8862
frag	M19	2.0000	0.0100	False	0.5776	0.8862
frag	M19	5.0000	0.2391	True	0.5776	0.8862
frag	M1	0.5000	0.5007	False	1.7207	1.7250
frag	M1	10.0000	0.3463	True	1.7207	1.7250
frag	M1	1.0000	0.3735	False	1.7207	1.7250
frag	M1	2.0000	0.3602	True	1.7207	1.7250
frag	M1	5.0000	0.3712	True	1.7207	1.7250
frag	M22	0.5000	0.3583	False	0.4892	0.7233
frag	M22	10.0000	0.1598	True	0.4892	0.7233
frag	M22	1.0000	0.2035	False	0.4892	0.7233
frag	M22	2.0000	0.2234	True	0.4892	0.7233
frag	M22	5.0000	0.1515	True	0.4892	0.7233
frag	M23	0.5000	0.1890	False	0.4770	0.5420
frag	M23	10.0000	0.1140	True	0.4770	0.5420
frag	M23	1.0000	0.1507	False	0.4770	0.5420
frag	M23	2.0000	0.0385	False	0.4770	0.5420
frag	M23	5.0000	0.1420	True	0.4770	0.5420
frag	M24	0.5000	0.1582	False	0.4648	0.6861
frag	M24	10.0000	0.1325	True	0.4648	0.6861
frag	M24	1.0000	0.1332	False	0.4648	0.6861
frag	M24	2.0000	0.2380	False	0.4648	0.6861
frag	M24	5.0000	0.1093	True	0.4648	0.6861
frag	M25	0.5000	0.3426	False	0.4346	0.6425
frag	M25	10.0000	0.1728	True	0.4346	0.6425
frag	M25	1.0000	0.2239	False	0.4346	0.6425
frag	M25	2.0000	0.1404	True	0.4346	0.6425
frag	M25	5.0000	0.1637	True	0.4346	0.6425
frag	M27	0.5000	0.3325	False	0.3992	0.5526
frag	M27	10.0000	0.1006	True	0.3992	0.5526
frag	M27	1.0000	0.0980	False	0.3992	0.5526
frag	M27	2.0000	0.0330	False	0.3992	0.5526
frag	M27	5.0000	0.0894	True	0.3992	0.5526
frag	M2	0.5000	0.2610	False	1.5100	1.6844
frag	M2	10.0000	0.5120	True	1.5100	1.6844
frag	M2	1.0000	0.3581	False	1.5100	1.6844
frag	M2	2.0000	0.4391	True	1.5100	1.6844
frag	M2	5.0000	0.4214	True	1.5100	1.6844
frag	M3	0.5000	0.3611	False	1.4380	1.4630
frag	M3	10.0000	0.2950	True	1.4380	1.4630
frag	M3	1.0000	0.1717	False	1.4380	1.4630
frag	M3	2.0000	0.3182	True	1.4380	1.4630
frag	M3	5.0000	0.2835	True	1.4380	1.4630
frag	M4	0.5000	0.3538	False	1.3718	1.5315
frag	M4	10.0000	0.3964	True	1.3718	1.5315
frag	M4	1.0000	0.2336	False	1.3718	1.5315
frag	M4	2.0000	0.3161	True	1.3718	1.5315
frag	M4	5.0000	0.3518	True	1.3718	1.5315
frag	M6	0.5000	0.2651	False	1.3549	1.3298
frag	M6	10.0000	0.2767	True	1.3549	1.3298
frag	M6	1.0000	0.2173	False	1.3549	1.3298
frag	M6	2.0000	0.2836	True	1.3549	1.3298
frag	M6	5.0000	0.2819	True	1.3549	1.3298
frag	RUN_OUT	0.5000	0.1498	False		
frag	RUN_OUT	10.0000	0.0588	True		
frag	RUN_OUT	1.0000	0.1920	False		
frag	RUN_OUT	2.0000	0.1353	False		
frag	RUN_OUT	5.0000	0.0504	True		
pileaFrag	M10	0.5000	0.0000	True	1.1500	1.2108
pileaFrag	M10	10.0000	1.1544	True	1.1500	1.2108
pileaFrag	M10	1.0000	1.6180	True	1.1500	1.2108
pileaFrag	M10	2.0000	1.4141	True	1.1500	1.2108
pileaFrag	M10	5.0000	1.2107	True	1.1500	1.2108
pileaFrag	M12	0.5000	0.0000	True	1.0220	1.1568
pileaFrag	M12	10.0000	0.9693	True	1.0220	1.1568
pileaFrag	M12	1.0000	1.9389	True	1.0220	1.1568
pileaFrag	M12	2.0000	1.5608	True	1.0220	1.1568
pileaFrag	M12	5.0000	1.3103	True	1.0220	1.1568
pileaFrag	M13	0.5000	0.0000	True	0.8612	1.0326
pileaFrag	M13	10.0000	1.0041	True	0.8612	1.0326
pileaFrag	M13	1.0000	1.5217	True	0.8612	1.0326
pileaFrag	M13	2.0000	1.4948	True	0.8612	1.0326
pileaFrag	M13	5.0000	1.1754	True	0.8612	1.0326
pileaFrag	M17	0.5000	0.0000	True	0.7440	0.7020
pileaFrag	M17	10.0000	0.7096	True	0.7440	0.7020
pileaFrag	M17	1.0000	1.4371	True	0.7440	0.7020
pileaFrag	M17	2.0000	1.1697	True	0.7440	0.7020
pileaFrag	M17	5.0000	0.9349	True	0.7440	0.7020
pileaFrag	M18	0.5000	0.0000	True	0.7413	0.8578
pileaFrag	M18	10.0000	0.8624	True	0.7413	0.8578
pileaFrag	M18	1.0000	1.3533	True	0.7413	0.8578
pileaFrag	M18	2.0000	1.0939	True	0.7413	0.8578
pileaFrag	M18	5.0000	0.7346	True	0.7413	0.8578
pileaFrag	M19	0.5000	0.0000	True	0.5776	0.8862
pileaFrag	M19	10.0000	1.0259	True	0.5776	0.8862
pileaFrag	M19	1.0000	1.8484	True	0.5776	0.8862
pileaFrag	M19	2.0000	1.3949	True	0.5776	0.8862
pileaFrag	M19	5.0000	1.0723	True	0.5776	0.8862
pileaFrag	M1	0.5000	0.0000	True	1.7207	1.7250
pileaFrag	M1	10.0000	1.7149	True	1.7207	1.7250
pileaFrag	M1	1.0000	1.9692	True	1.7207	1.7250
pileaFrag	M1	2.0000	2.0277	True	1.7207	1.7250
pileaFrag	M1	5.0000	1.7990	True	1.7207	1.7250
pileaFrag	M22	0.5000	0.0000	True	0.4892	0.7233
pileaFrag	M22	10.0000	0.6648	True	0.4892	0.7233
pileaFrag	M22	1.0000	1.1048	True	0.4892	0.7233
pileaFrag	M22	2.0000	1.0168	True	0.4892	0.7233
pileaFrag	M22	5.0000	0.8346	True	0.4892	0.7233
pileaFrag	M23	0.5000	0.0000	True	0.4770	0.5420
pileaFrag	M23	10.0000	0.5617	True	0.4770	0.5420
pileaFrag	M23	1.0000	1.0019	True	0.4770	0.5420
pileaFrag	M23	2.0000	0.9249	True	0.4770	0.5420
pileaFrag	M23	5.0000	0.5020	True	0.4770	0.5420
pileaFrag	M24	0.5000	0.0000	True	0.4648	0.6861
pileaFrag	M24	10.0000	0.6696	True	0.4648	0.6861
pileaFrag	M24	1.0000	1.2908	True	0.4648	0.6861
pileaFrag	M24	2.0000	0.9379	True	0.4648	0.6861
pileaFrag	M24	5.0000	0.5877	True	0.4648	0.6861
pileaFrag	M25	0.5000	0.0000	True	0.4346	0.6425
pileaFrag	M25	10.0000	0.6467	True	0.4346	0.6425
pileaFrag	M25	1.0000	1.1147	True	0.4346	0.6425
pileaFrag	M25	2.0000	0.9943	True	0.4346	0.6425
pileaFrag	M25	5.0000	0.7773	True	0.4346	0.6425
pileaFrag	M27	0.5000	0.0000	True	0.3992	0.5526
pileaFrag	M27	10.0000	0.5381	True	0.3992	0.5526
pileaFrag	M27	1.0000	1.2697	True	0.3992	0.5526
pileaFrag	M27	2.0000	0.9894	True	0.3992	0.5526
pileaFrag	M27	5.0000	0.5140	True	0.3992	0.5526
pileaFrag	M2	0.5000	0.0000	True	1.5100	1.6844
pileaFrag	M2	10.0000	1.6053	True	1.5100	1.6844
pileaFrag	M2	1.0000	2.0241	True	1.5100	1.6844
pileaFrag	M2	2.0000	1.9951	True	1.5100	1.6844
pileaFrag	M2	5.0000	1.6206	True	1.5100	1.6844
pileaFrag	M3	0.5000	0.0000	True	1.4380	1.4630
pileaFrag	M3	10.0000	1.4651	True	1.4380	1.4630
pileaFrag	M3	1.0000	1.9109	True	1.4380	1.4630
pileaFrag	M3	2.0000	1.7487	True	1.4380	1.4630
pileaFrag	M3	5.0000	1.5714	True	1.4380	1.4630
pileaFrag	M4	0.5000	0.0000	True	1.3718	1.5315
pileaFrag	M4	10.0000	1.3859	True	1.3718	1.5315
pileaFrag	M4	1.0000	1.7273	True	1.3718	1.5315
pileaFrag	M4	2.0000	1.7127	True	1.3718	1.5315
pileaFrag	M4	5.0000	1.5579	True	1.3718	1.5315
pileaFrag	M6	0.5000	0.0000	True	1.3549	1.3298
pileaFrag	M6	10.0000	1.2570	True	1.3549	1.3298
pileaFrag	M6	1.0000	1.7271	True	1.3549	1.3298
pileaFrag	M6	2.0000	1.5875	True	1.3549	1.3298
pileaFrag	M6	5.0000	1.3775	True	1.3549	1.3298
pileaFrag	RUN_OUT	0.5000	0.0000	True		
pileaFrag	RUN_OUT	10.0000	0.2030	True		
pileaFrag	RUN_OUT	1.0000	1.1532	True		
pileaFrag	RUN_OUT	2.0000	0.6209	True		
pileaFrag	RUN_OUT	5.0000	0.2553	True		
scafRel	M10	0.5000	0.8628	False	1.1500	1.2108
scafRel	M10	10.0000	1.2457	True	1.1500	1.2108
scafRel	M10	1.0000	1.0236	False	1.1500	1.2108
scafRel	M10	2.0000	1.1694	True	1.1500	1.2108
scafRel	M10	5.0000	1.2248	True	1.1500	1.2108
scafRel	M12	0.5000	1.1992	False	1.0220	1.1568
scafRel	M12	10.0000	1.2934	True	1.0220	1.1568
scafRel	M12	1.0000	1.0130	False	1.0220	1.1568
scafRel	M12	2.0000	1.1691	False	1.0220	1.1568
scafRel	M12	5.0000	1.2185	True	1.0220	1.1568
scafRel	M13	0.5000	0.8371	False	0.8612	1.0326
scafRel	M13	10.0000	1.0367	False	0.8612	1.0326
scafRel	M13	1.0000	0.7664	False	0.8612	1.0326
scafRel	M13	2.0000	0.9796	False	0.8612	1.0326
scafRel	M13	5.0000	1.0120	False	0.8612	1.0326
scafRel	M17	0.5000	0.4491	False	0.7440	0.7020
scafRel	M17	10.0000	0.7787	True	0.7440	0.7020
scafRel	M17	1.0000	0.7613	False	0.7440	0.7020
scafRel	M17	2.0000	0.6378	True	0.7440	0.7020
scafRel	M17	5.0000	0.7029	True	0.7440	0.7020
scafRel	M18	0.5000	0.6953	False	0.7413	0.8578
scafRel	M18	10.0000	0.8800	True	0.7413	0.8578
scafRel	M18	1.0000	0.7288	False	0.7413	0.8578
scafRel	M18	2.0000	0.8804	False	0.7413	0.8578
scafRel	M18	5.0000	0.9081	False	0.7413	0.8578
scafRel	M19	0.5000	0.5939	False	0.5776	0.8862
scafRel	M19	10.0000	0.8981	True	0.5776	0.8862
scafRel	M19	1.0000	0.7630	False	0.5776	0.8862
scafRel	M19	2.0000	0.7083	False	0.5776	0.8862
scafRel	M19	5.0000	0.8953	True	0.5776	0.8862
scafRel	M1	0.5000	1.2742	False	1.7207	1.7250
scafRel	M1	10.0000	1.8378	True	1.7207	1.7250
scafRel	M1	1.0000	1.5846	False	1.7207	1.7250
scafRel	M1	2.0000	1.7520	True	1.7207	1.7250
scafRel	M1	5.0000	1.8336	True	1.7207	1.7250
scafRel	M22	0.5000	0.5949	False	0.4892	0.7233
scafRel	M22	10.0000	0.7135	True	0.4892	0.7233
scafRel	M22	1.0000	0.6268	False	0.4892	0.7233
scafRel	M22	2.0000	0.7085	True	0.4892	0.7233
scafRel	M22	5.0000	0.7035	True	0.4892	0.7233
scafRel	M23	0.5000	0.5203	False	0.4770	0.5420
scafRel	M23	10.0000	0.5585	False	0.4770	0.5420
scafRel	M23	1.0000	0.5258	False	0.4770	0.5420
scafRel	M23	2.0000	0.6332	True	0.4770	0.5420
scafRel	M23	5.0000	0.6168	True	0.4770	0.5420
scafRel	M24	0.5000	0.3935	False	0.4648	0.6861
scafRel	M24	10.0000	0.6851	True	0.4648	0.6861
scafRel	M24	1.0000	0.6402	False	0.4648	0.6861
scafRel	M24	2.0000	0.6683	True	0.4648	0.6861
scafRel	M24	5.0000	0.7014	True	0.4648	0.6861
scafRel	M25	0.5000	0.6321	False	0.4346	0.6425
scafRel	M25	10.0000	0.6728	True	0.4346	0.6425
scafRel	M25	1.0000	0.6863	False	0.4346	0.6425
scafRel	M25	2.0000	0.5930	True	0.4346	0.6425
scafRel	M25	5.0000	0.6048	False	0.4346	0.6425
scafRel	M27	0.5000	0.3530	False	0.3992	0.5526
scafRel	M27	10.0000	0.5566	True	0.3992	0.5526
scafRel	M27	1.0000	0.4708	False	0.3992	0.5526
scafRel	M27	2.0000	0.4800	True	0.3992	0.5526
scafRel	M27	5.0000	0.5189	True	0.3992	0.5526
scafRel	M2	0.5000	1.2929	False	1.5100	1.6844
scafRel	M2	10.0000	1.9435	True	1.5100	1.6844
scafRel	M2	1.0000	1.3733	False	1.5100	1.6844
scafRel	M2	2.0000	1.4480	False	1.5100	1.6844
scafRel	M2	5.0000	1.7700	True	1.5100	1.6844
scafRel	M3	0.5000	1.0966	False	1.4380	1.4630
scafRel	M3	10.0000	1.5244	True	1.4380	1.4630
scafRel	M3	1.0000	1.2684	False	1.4380	1.4630
scafRel	M3	2.0000	1.4674	True	1.4380	1.4630
scafRel	M3	5.0000	1.5542	True	1.4380	1.4630
scafRel	M4	0.5000	1.2012	False	1.3718	1.5315
scafRel	M4	10.0000	1.6130	True	1.3718	1.5315
scafRel	M4	1.0000	1.3814	False	1.3718	1.5315
scafRel	M4	2.0000	1.3276	False	1.3718	1.5315
scafRel	M4	5.0000	1.4963	True	1.3718	1.5315
scafRel	M6	0.5000	1.1015	False	1.3549	1.3298
scafRel	M6	10.0000	1.3244	True	1.3549	1.3298
scafRel	M6	1.0000	1.2355	False	1.3549	1.3298
scafRel	M6	2.0000	1.3620	True	1.3549	1.3298
scafRel	M6	5.0000	1.3397	True	1.3549	1.3298
scafRel	RUN_OUT	0.5000	0.2994	False		
scafRel	RUN_OUT	10.0000	0.0517	False		
scafRel	RUN_OUT	1.0000	0.1128	False		
scafRel	RUN_OUT	2.0000	0.1228	True		
scafRel	RUN_OUT	5.0000	0.0639	True		
scafSelf	M10	0.5000	0.9097	False	1.1500	1.2108
scafSelf	M10	10.0000	1.2229	True	1.1500	1.2108
scafSelf	M10	1.0000	1.0813	False	1.1500	1.2108
scafSelf	M10	2.0000	1.1365	True	1.1500	1.2108
scafSelf	M10	5.0000	1.1899	True	1.1500	1.2108
scafSelf	M12	0.5000	1.1118	False	1.0220	1.1568
scafSelf	M12	10.0000	1.2650	False	1.0220	1.1568
scafSelf	M12	1.0000	1.0050	False	1.0220	1.1568
scafSelf	M12	2.0000	1.1470	False	1.0220	1.1568
scafSelf	M12	5.0000	1.2126	True	1.0220	1.1568
scafSelf	M13	0.5000	0.7353	False	0.8612	1.0326
scafSelf	M13	10.0000	1.0311	True	0.8612	1.0326
scafSelf	M13	1.0000	0.8914	False	0.8612	1.0326
scafSelf	M13	2.0000	0.9114	False	0.8612	1.0326
scafSelf	M13	5.0000	1.0155	False	0.8612	1.0326
scafSelf	M17	0.5000	0.4890	False	0.7440	0.7020
scafSelf	M17	10.0000	0.7625	True	0.7440	0.7020
scafSelf	M17	1.0000	0.7434	False	0.7440	0.7020
scafSelf	M17	2.0000	0.6887	True	0.7440	0.7020
scafSelf	M17	5.0000	0.6838	True	0.7440	0.7020
scafSelf	M18	0.5000	0.7903	False	0.7413	0.8578
scafSelf	M18	10.0000	0.8673	True	0.7413	0.8578
scafSelf	M18	1.0000	0.7343	False	0.7413	0.8578
scafSelf	M18	2.0000	0.8571	False	0.7413	0.8578
scafSelf	M18	5.0000	0.8850	False	0.7413	0.8578
scafSelf	M19	0.5000	0.5623	False	0.5776	0.8862
scafSelf	M19	10.0000	0.8722	False	0.5776	0.8862
scafSelf	M19	1.0000	0.6780	False	0.5776	0.8862
scafSelf	M19	2.0000	0.6314	False	0.5776	0.8862
scafSelf	M19	5.0000	0.8797	True	0.5776	0.8862
scafSelf	M1	0.5000	1.3258	False	1.7207	1.7250
scafSelf	M1	10.0000	1.7979	True	1.7207	1.7250
scafSelf	M1	1.0000	1.5883	False	1.7207	1.7250
scafSelf	M1	2.0000	1.6921	True	1.7207	1.7250
scafSelf	M1	5.0000	1.7854	True	1.7207	1.7250
scafSelf	M22	0.5000	0.6242	False	0.4892	0.7233
scafSelf	M22	10.0000	0.7134	True	0.4892	0.7233
scafSelf	M22	1.0000	0.5745	False	0.4892	0.7233
scafSelf	M22	2.0000	0.7014	True	0.4892	0.7233
scafSelf	M22	5.0000	0.6831	False	0.4892	0.7233
scafSelf	M23	0.5000	0.5242	False	0.4770	0.5420
scafSelf	M23	10.0000	0.5526	False	0.4770	0.5420
scafSelf	M23	1.0000	0.5025	False	0.4770	0.5420
scafSelf	M23	2.0000	0.6443	True	0.4770	0.5420
scafSelf	M23	5.0000	0.5958	False	0.4770	0.5420
scafSelf	M24	0.5000	0.3218	False	0.4648	0.6861
scafSelf	M24	10.0000	0.6703	True	0.4648	0.6861
scafSelf	M24	1.0000	0.5839	False	0.4648	0.6861
scafSelf	M24	2.0000	0.6240	False	0.4648	0.6861
scafSelf	M24	5.0000	0.6842	True	0.4648	0.6861
scafSelf	M25	0.5000	0.6428	False	0.4346	0.6425
scafSelf	M25	10.0000	0.6461	False	0.4346	0.6425
scafSelf	M25	1.0000	0.7005	False	0.4346	0.6425
scafSelf	M25	2.0000	0.5895	True	0.4346	0.6425
scafSelf	M25	5.0000	0.6096	False	0.4346	0.6425
scafSelf	M27	0.5000	0.3368	False	0.3992	0.5526
scafSelf	M27	10.0000	0.5490	True	0.3992	0.5526
scafSelf	M27	1.0000	0.4509	False	0.3992	0.5526
scafSelf	M27	2.0000	0.4503	False	0.3992	0.5526
scafSelf	M27	5.0000	0.5007	True	0.3992	0.5526
scafSelf	M2	0.5000	1.1081	False	1.5100	1.6844
scafSelf	M2	10.0000	1.8397	True	1.5100	1.6844
scafSelf	M2	1.0000	1.3867	False	1.5100	1.6844
scafSelf	M2	2.0000	1.4291	False	1.5100	1.6844
scafSelf	M2	5.0000	1.6472	True	1.5100	1.6844
scafSelf	M3	0.5000	1.0570	False	1.4380	1.4630
scafSelf	M3	10.0000	1.5112	False	1.4380	1.4630
scafSelf	M3	1.0000	1.2369	False	1.4380	1.4630
scafSelf	M3	2.0000	1.4511	True	1.4380	1.4630
scafSelf	M3	5.0000	1.5292	False	1.4380	1.4630
scafSelf	M4	0.5000	1.0888	False	1.3718	1.5315
scafSelf	M4	10.0000	1.5539	True	1.3718	1.5315
scafSelf	M4	1.0000	1.3507	False	1.3718	1.5315
scafSelf	M4	2.0000	1.2861	False	1.3718	1.5315
scafSelf	M4	5.0000	1.4542	True	1.3718	1.5315
scafSelf	M6	0.5000	1.0138	False	1.3549	1.3298
scafSelf	M6	10.0000	1.2922	True	1.3549	1.3298
scafSelf	M6	1.0000	1.1708	False	1.3549	1.3298
scafSelf	M6	2.0000	1.3067	True	1.3549	1.3298
scafSelf	M6	5.0000	1.3364	True	1.3549	1.3298
scafSelf	RUN_OUT	0.5000	0.2567	False		
scafSelf	RUN_OUT	10.0000	0.0586	False		
scafSelf	RUN_OUT	1.0000	0.0784	False		
scafSelf	RUN_OUT	2.0000	0.1037	True		
scafSelf	RUN_OUT	5.0000	0.0552	False		
