cond	medium	cov	log2ptr	spread_se	Q	n_enzymes
spread_complete	M10	0.5000	0.0000	0.0001	1241.1757	16
spread_complete	M10	10.0000	1.2666	0.0116	37.2932	16
spread_complete	M10	1.0000	0.0000	0.0001	2578.5419	16
spread_complete	M10	2.0000	1.3216	0.0193	2580.2749	16
spread_complete	M10	5.0000	1.2160	0.0138	48.4226	16
spread_complete	M12	0.5000	0.0000	0.0001	1664.8006	16
spread_complete	M12	10.0000	1.6281	0.0143	379.4354	16
spread_complete	M12	1.0000	0.0000	0.0001	5691.7488	16
spread_complete	M12	2.0000	1.4418	0.0204	2455.6829	16
spread_complete	M12	5.0000	1.4003	0.0174	116.1863	16
spread_complete	M13	0.5000	0.0000	0.0001	1268.7416	16
spread_complete	M13	10.0000	1.6539	0.0171	601.4002	16
spread_complete	M13	1.0000	0.0000	0.0001	3916.8215	16
spread_complete	M13	2.0000	1.3200	0.0209	4519.7492	16
spread_complete	M13	5.0000	1.3096	0.0187	173.9965	16
spread_complete	M17	0.5000	0.0000	0.0001	93.2757	16
spread_complete	M17	10.0000	1.0185	0.0145	222.5134	16
spread_complete	M17	1.0000	0.0000	0.0001	10155.9133	16
spread_complete	M17	2.0000	1.0319	0.0181	3712.9652	16
spread_complete	M17	5.0000	0.9078	0.0151	153.9759	16
spread_complete	M18	0.5000	0.0000	0.0001	5351.7969	16
spread_complete	M18	10.0000	0.8623	0.0104	38.3225	16
spread_complete	M18	1.0000	1.1631	0.0269	1640.8740	16
spread_complete	M18	2.0000	1.1257	0.0176	5203.6457	16
spread_complete	M18	5.0000	0.8882	0.0116	110.8428	16
spread_complete	M19	0.5000	0.0000	0.0000	4814.4684	16
spread_complete	M19	10.0000	1.2335	0.0178	58.4916	16
spread_complete	M19	1.0000	0.0000	0.0001	29309.3133	16
spread_complete	M19	2.0000	2.4818	0.0294	5251.3119	16
spread_complete	M19	5.0000	0.0001	0.0001	3743.1094	16
spread_complete	M1	0.5000	0.0000	0.0001	583.0573	16
spread_complete	M1	10.0000	1.8253	0.0134	31.0157	16
spread_complete	M1	1.0000	2.3798	0.0299	5934.2491	16
spread_complete	M1	2.0000	1.8580	0.0211	1522.3937	16
spread_complete	M1	5.0000	1.8145	0.0161	27.9010	16
spread_complete	M22	0.5000	0.0000	0.0001	255.1470	16
spread_complete	M22	10.0000	0.8639	0.0118	156.5763	16
spread_complete	M22	1.0000	0.0000	0.0002	2611.0224	16
spread_complete	M22	2.0000	0.8478	0.0170	2290.3124	16
spread_complete	M22	5.0000	0.7362	0.0125	112.8692	16
spread_complete	M23	0.5000	0.6989	0.0468	65.1491	16
spread_complete	M23	10.0000	0.5944	0.0086	32.1794	16
spread_complete	M23	1.0000	0.0000	0.0001	2186.7399	16
spread_complete	M23	2.0000	0.7672	0.0170	1589.2432	16
spread_complete	M23	5.0000	0.6302	0.0114	44.5679	16
spread_complete	M24	0.5000	0.5510	0.0531	105.9193	16
spread_complete	M24	10.0000	0.6638	0.0086	33.1313	16
spread_complete	M24	1.0000	0.0000	0.0001	2340.8006	16
spread_complete	M24	2.0000	0.7147	0.0163	63.8219	16
spread_complete	M24	5.0000	0.7100	0.0111	21.5497	16
spread_complete	M25	0.5000	0.0000	0.0001	1250.1170	16
spread_complete	M25	10.0000	0.7129	0.0107	112.1532	16
spread_complete	M25	1.0000	0.0000	0.0001	3310.8184	16
spread_complete	M25	2.0000	0.7141	0.0161	1468.8689	16
spread_complete	M25	5.0000	0.6428	0.0114	50.5956	16
spread_complete	M27	0.5000	0.0000	0.0001	1805.7240	16
spread_complete	M27	10.0000	0.5983	0.0104	65.5372	16
spread_complete	M27	1.0000	0.0000	0.0001	2959.3178	16
spread_complete	M27	2.0000	0.6230	0.0159	2535.7600	16
spread_complete	M27	5.0000	0.5279	0.0105	67.3888	16
spread_complete	M2	0.5000	0.0000	0.0001	1679.5658	16
spread_complete	M2	10.0000	2.4108	0.0172	338.5025	16
spread_complete	M2	1.0000	2.4300	0.0300	7227.8832	16
spread_complete	M2	2.0000	1.8504	0.0235	2397.7491	16
spread_complete	M2	5.0000	2.0719	0.0204	354.1346	16
spread_complete	M3	0.5000	0.0000	0.0001	375.3583	16
spread_complete	M3	10.0000	1.5170	0.0112	43.6862	16
spread_complete	M3	1.0000	0.0000	0.0001	1689.7675	16
spread_complete	M3	2.0000	1.5151	0.0195	112.3289	16
spread_complete	M3	5.0000	1.5610	0.0142	77.1254	16
spread_complete	M4	0.5000	0.0000	0.0001	198.1536	16
spread_complete	M4	10.0000	1.9379	0.0172	285.7192	16
spread_complete	M4	1.0000	0.0000	0.0001	14374.9184	16
spread_complete	M4	2.0000	1.5655	0.0207	2613.5087	16
spread_complete	M4	5.0000	1.7607	0.0196	156.4105	16
spread_complete	M6	0.5000	0.0000	0.0001	447.1574	16
spread_complete	M6	10.0000	1.2921	0.0113	16.9488	16
spread_complete	M6	1.0000	0.0000	0.0001	5935.5811	16
spread_complete	M6	2.0000	1.7214	0.0203	6273.6912	16
spread_complete	M6	5.0000	1.3174	0.0136	28.6718	16
spread_complete	RUN_OUT	0.5000	0.0000	0.0001	1794.4488	16
spread_complete	RUN_OUT	10.0000	0.4544	0.0097	557.7381	16
spread_complete	RUN_OUT	1.0000	0.0000	0.0001	6666.8342	16
spread_complete	RUN_OUT	2.0000	0.2759	0.0148	154.9919	16
spread_complete	RUN_OUT	5.0000	0.2886	0.0102	229.0913	16
spread_frag	M10	0.5000	0.0000	0.0001	156.5396	16
spread_frag	M10	10.0000	1.2232	0.0103	68.9751	16
spread_frag	M10	1.0000	0.0000	0.0001	3427.1556	16
spread_frag	M10	2.0000	0.0001	0.0001	5789.5605	16
spread_frag	M10	5.0000	1.1676	0.0120	87.7390	16
spread_frag	M12	0.5000	0.0000	0.0001	747.5590	16
spread_frag	M12	10.0000	1.4398	0.0128	317.6114	16
spread_frag	M12	1.0000	0.0000	0.0000	1837.0713	16
spread_frag	M12	2.0000	0.0001	0.0001	5673.8987	16
spread_frag	M12	5.0000	1.3117	0.0137	127.1004	16
spread_frag	M13	0.5000	0.0000	0.0001	269.2442	16
spread_frag	M13	10.0000	1.4370	0.0131	606.6970	16
spread_frag	M13	1.0000	0.0000	0.0001	1953.0948	16
spread_frag	M13	2.0000	1.1968	0.0185	1489.5704	16
spread_frag	M13	5.0000	1.3137	0.0146	190.0031	16
spread_frag	M17	0.5000	0.0000	0.0001	289.7990	16
spread_frag	M17	10.0000	0.9922	0.0115	331.2230	16
spread_frag	M17	1.0000	0.0000	0.0001	7175.1004	16
spread_frag	M17	2.0000	0.0000	0.0001	4200.7659	16
spread_frag	M17	5.0000	0.8539	0.0134	233.0338	16
spread_frag	M18	0.5000	0.0000	0.0001	12.4443	16
spread_frag	M18	10.0000	0.8556	0.0087	67.6733	16
spread_frag	M18	1.0000	0.0000	0.0001	2914.5905	16
spread_frag	M18	2.0000	0.0000	0.0001	2940.5240	16
spread_frag	M18	5.0000	0.8690	0.0104	138.6114	16
spread_frag	M19	0.5000	0.0000	0.0001	5504.3596	16
spread_frag	M19	10.0000	1.2972	0.0144	91.4493	16
spread_frag	M19	1.0000	0.0000	0.0000	12327.4808	16
spread_frag	M19	2.0000	0.0002	0.0003	19069.3635	16
spread_frag	M19	5.0000	1.0935	0.0145	72.5874	16
spread_frag	M1	0.5000	0.0000	0.0001	245.1004	16
spread_frag	M1	10.0000	1.7756	0.0111	68.6958	16
spread_frag	M1	1.0000	0.0000	0.0001	2419.9071	16
spread_frag	M1	2.0000	1.7575	0.0190	1401.9551	16
spread_frag	M1	5.0000	1.7291	0.0138	56.5342	16
spread_frag	M22	0.5000	0.0000	0.0001	128.8005	16
spread_frag	M22	10.0000	0.8362	0.0096	187.5620	16
spread_frag	M22	1.0000	0.0000	0.0001	2943.0849	16
spread_frag	M22	2.0000	0.0000	0.0001	3132.8831	16
spread_frag	M22	5.0000	0.7294	0.0111	265.4790	16
spread_frag	M23	0.5000	0.0000	0.0001	187.1038	16
spread_frag	M23	10.0000	0.5798	0.0076	43.7692	16
spread_frag	M23	1.0000	0.0000	0.0001	3601.1048	16
spread_frag	M23	2.0000	0.0000	0.0001	2190.2350	16
spread_frag	M23	5.0000	0.6084	0.0099	105.5229	16
spread_frag	M24	0.5000	0.0000	0.0001	321.4738	16
spread_frag	M24	10.0000	0.6714	0.0077	46.6284	16
spread_frag	M24	1.0000	1.0956	0.0290	1691.1387	16
spread_frag	M24	2.0000	0.0001	0.0002	2678.8749	15
spread_frag	M24	5.0000	0.7002	0.0099	72.9342	16
spread_frag	M25	0.5000	0.0000	0.0001	1226.3709	16
spread_frag	M25	10.0000	0.7125	0.0089	149.1815	16
spread_frag	M25	1.0000	0.0000	0.0001	1837.1423	16
spread_frag	M25	2.0000	0.0000	0.0001	4660.1053	16
spread_frag	M25	5.0000	0.6372	0.0101	81.7613	16
spread_frag	M27	0.5000	0.0000	0.0001	319.4811	16
spread_frag	M27	10.0000	0.6221	0.0088	192.7031	16
spread_frag	M27	1.0000	0.0000	0.0001	1616.5559	16
spread_frag	M27	2.0000	0.8142	0.0164	1908.4433	16
spread_frag	M27	5.0000	0.5567	0.0097	114.3403	16
spread_frag	M2	0.5000	0.0000	0.0001	1821.3540	16
spread_frag	M2	10.0000	2.1777	0.0149	534.0067	16
spread_frag	M2	1.0000	0.0000	0.0001	6527.0760	16
spread_frag	M2	2.0000	0.0001	0.0001	19083.4145	16
spread_frag	M2	5.0000	2.0628	0.0166	1058.4912	16
spread_frag	M3	0.5000	0.8301	0.0472	280.8122	16
spread_frag	M3	10.0000	1.4798	0.0102	47.3793	16
spread_frag	M3	1.0000	0.0000	0.0001	1012.5428	16
spread_frag	M3	2.0000	0.0001	0.0001	8999.0056	16
spread_frag	M3	5.0000	1.4931	0.0124	108.8533	16
spread_frag	M4	0.5000	0.0000	0.0001	613.9703	16
spread_frag	M4	10.0000	1.7551	0.0131	226.0650	16
spread_frag	M4	1.0000	0.0000	0.0002	5865.9722	16
spread_frag	M4	2.0000	1.5668	0.0193	1352.3813	16
spread_frag	M4	5.0000	1.6191	0.0157	335.4569	16
spread_frag	M6	0.5000	0.0000	0.0001	391.7288	16
spread_frag	M6	10.0000	1.2613	0.0096	36.6826	16
spread_frag	M6	1.0000	0.0000	0.0001	1177.0890	16
spread_frag	M6	2.0000	0.0000	0.0001	5537.6495	16
spread_frag	M6	5.0000	1.2640	0.0116	49.6586	16
spread_frag	RUN_OUT	0.5000	0.0000	0.0001	140.3465	16
spread_frag	RUN_OUT	10.0000	0.4575	0.0084	632.3093	16
spread_frag	RUN_OUT	1.0000	0.0000	0.0001	4600.3209	16
spread_frag	RUN_OUT	2.0000	0.0000	0.0001	544.3731	16
spread_frag	RUN_OUT	5.0000	0.3834	0.0099	364.5800	16
spread_scafRel	M10	0.5000	0.0000	0.0001	276.1851	16
spread_scafRel	M10	10.0000	1.2828	0.0120	54.5270	16
spread_scafRel	M10	1.0000	0.0000	0.0001	5254.8479	16
spread_scafRel	M10	2.0000	1.2775	0.0196	1014.9818	16
spread_scafRel	M10	5.0000	1.2372	0.0143	43.3844	16
spread_scafRel	M12	0.5000	0.0000	0.0001	1352.3145	16
spread_scafRel	M12	10.0000	1.6504	0.0161	321.2937	16
spread_scafRel	M12	1.0000	0.0000	0.0001	6798.5721	16
spread_scafRel	M12	2.0000	1.3553	0.0203	1821.3702	16
spread_scafRel	M12	5.0000	1.4870	0.0189	142.7311	16
spread_scafRel	M13	0.5000	0.0000	0.0001	1499.3515	16
spread_scafRel	M13	10.0000	1.6984	0.0174	560.0135	16
spread_scafRel	M13	1.0000	0.0000	0.0001	3285.4808	16
spread_scafRel	M13	2.0000	1.4185	0.0218	4553.1798	16
spread_scafRel	M13	5.0000	1.3646	0.0191	223.5319	16
spread_scafRel	M17	0.5000	0.0000	0.0001	1414.7189	16
spread_scafRel	M17	10.0000	0.9642	0.0135	148.7732	16
spread_scafRel	M17	1.0000	0.0000	0.0001	9080.0808	16
spread_scafRel	M17	2.0000	1.0624	0.0198	4574.1036	16
spread_scafRel	M17	5.0000	0.8865	0.0159	182.8512	16
spread_scafRel	M18	0.5000	0.0000	0.0001	2824.7424	16
spread_scafRel	M18	10.0000	0.8643	0.0103	42.3161	16
spread_scafRel	M18	1.0000	0.0000	0.0001	3463.9454	16
spread_scafRel	M18	2.0000	1.0246	0.0179	1747.9616	16
spread_scafRel	M18	5.0000	0.8974	0.0118	83.3094	16
spread_scafRel	M19	0.5000	0.0000	0.0001	7551.7882	16
spread_scafRel	M19	10.0000	1.2490	0.0173	74.2833	16
spread_scafRel	M19	1.0000	7.0371	0.0506	6348.8551	16
spread_scafRel	M19	2.0000	2.2246	0.0260	4310.2385	16
spread_scafRel	M19	5.0000	1.2093	0.0203	619.8853	16
spread_scafRel	M1	0.5000	0.0000	0.0001	515.1309	16
spread_scafRel	M1	10.0000	1.8317	0.0132	59.5726	16
spread_scafRel	M1	1.0000	0.0000	0.0001	11379.1015	16
spread_scafRel	M1	2.0000	1.9275	0.0207	2592.8564	16
spread_scafRel	M1	5.0000	1.8138	0.0165	29.8056	16
spread_scafRel	M22	0.5000	0.0000	0.0001	241.7416	16
spread_scafRel	M22	10.0000	0.8620	0.0121	128.0384	16
spread_scafRel	M22	1.0000	0.0000	0.0001	1844.3906	16
spread_scafRel	M22	2.0000	0.8986	0.0171	2410.6983	16
spread_scafRel	M22	5.0000	0.7502	0.0121	126.6742	16
spread_scafRel	M23	0.5000	0.0000	0.0001	119.3292	16
spread_scafRel	M23	10.0000	0.5870	0.0085	38.4217	16
spread_scafRel	M23	1.0000	0.0000	0.0001	664.1716	16
spread_scafRel	M23	2.0000	0.0001	0.0001	5074.0266	16
spread_scafRel	M23	5.0000	0.6238	0.0111	37.3827	16
spread_scafRel	M24	0.5000	0.0000	0.0001	183.7046	16
spread_scafRel	M24	10.0000	0.6677	0.0087	14.3813	16
spread_scafRel	M24	1.0000	0.0000	0.0001	4966.3091	16
spread_scafRel	M24	2.0000	0.7457	0.0166	66.3654	16
spread_scafRel	M24	5.0000	0.7051	0.0110	21.5776	16
spread_scafRel	M25	0.5000	1.0733	0.0489	840.2699	16
spread_scafRel	M25	10.0000	0.7136	0.0104	83.5124	16
spread_scafRel	M25	1.0000	0.0000	0.0001	4729.3708	16
spread_scafRel	M25	2.0000	0.6982	0.0164	1152.1089	16
spread_scafRel	M25	5.0000	0.6242	0.0111	45.5249	16
spread_scafRel	M27	0.5000	0.0002	0.0001	2243.2509	16
spread_scafRel	M27	10.0000	0.6077	0.0105	70.1633	16
spread_scafRel	M27	1.0000	0.0000	0.0001	3078.1675	16
spread_scafRel	M27	2.0000	0.5306	0.0154	81.7098	16
spread_scafRel	M27	5.0000	0.5313	0.0109	79.7911	16
spread_scafRel	M2	0.5000	0.0000	0.0001	2108.6929	16
spread_scafRel	M2	10.0000	2.3994	0.0192	515.3411	16
spread_scafRel	M2	1.0000	2.2964	0.0297	5442.9143	16
spread_scafRel	M2	2.0000	1.9213	0.0228	3391.4789	16
spread_scafRel	M2	5.0000	2.0536	0.0193	300.7757	16
spread_scafRel	M3	0.5000	0.0000	0.0001	336.2826	16
spread_scafRel	M3	10.0000	1.5276	0.0113	56.7874	16
spread_scafRel	M3	1.0000	0.0000	0.0001	1939.1182	16
spread_scafRel	M3	2.0000	1.4766	0.0196	76.3407	16
spread_scafRel	M3	5.0000	1.5521	0.0145	76.5450	16
spread_scafRel	M4	0.5000	0.0000	0.0001	151.2529	16
spread_scafRel	M4	10.0000	1.8783	0.0164	314.2243	16
spread_scafRel	M4	1.0000	0.0000	0.0001	14022.9102	16
spread_scafRel	M4	2.0000	0.0000	0.0001	5615.6581	16
spread_scafRel	M4	5.0000	1.7857	0.0208	172.7556	16
spread_scafRel	M6	0.5000	0.0000	0.0001	1254.5256	16
spread_scafRel	M6	10.0000	1.2936	0.0110	18.6536	16
spread_scafRel	M6	1.0000	0.0000	0.0001	5331.7088	16
spread_scafRel	M6	2.0000	1.5552	0.0195	3371.7170	16
spread_scafRel	M6	5.0000	1.3221	0.0137	38.3683	16
spread_scafRel	RUN_OUT	0.5000	0.0000	0.0001	3024.7718	16
spread_scafRel	RUN_OUT	10.0000	0.4384	0.0097	463.7638	16
spread_scafRel	RUN_OUT	1.0000	0.0000	0.0001	9472.9141	16
spread_scafRel	RUN_OUT	2.0000	0.3383	0.0148	125.7098	16
spread_scafRel	RUN_OUT	5.0000	0.2959	0.0104	258.7343	16
spread_scafSelf	M10	0.5000	0.0000	0.0001	1277.2496	16
spread_scafSelf	M10	10.0000	1.2603	0.0115	32.9078	16
spread_scafSelf	M10	1.0000	0.0000	0.0001	2622.7131	16
spread_scafSelf	M10	2.0000	1.3220	0.0194	2576.1834	16
spread_scafSelf	M10	5.0000	1.2118	0.0138	46.0379	16
spread_scafSelf	M12	0.5000	0.0000	0.0001	1623.5365	16
spread_scafSelf	M12	10.0000	1.6282	0.0149	336.6543	16
spread_scafSelf	M12	1.0000	0.0000	0.0001	7234.2092	16
spread_scafSelf	M12	2.0000	1.4427	0.0202	2433.1962	16
spread_scafSelf	M12	5.0000	1.4377	0.0177	88.1042	16
spread_scafSelf	M13	0.5000	0.0000	0.0001	1260.9428	16
spread_scafSelf	M13	10.0000	1.6626	0.0176	599.1425	16
spread_scafSelf	M13	1.0000	0.0000	0.0001	3451.9678	16
spread_scafSelf	M13	2.0000	1.2964	0.0203	4448.4116	16
spread_scafSelf	M13	5.0000	1.3979	0.0193	210.2614	16
spread_scafSelf	M17	0.5000	0.0000	0.0001	134.8087	16
spread_scafSelf	M17	10.0000	1.0298	0.0143	220.1921	16
spread_scafSelf	M17	1.0000	0.0000	0.0001	12089.7121	16
spread_scafSelf	M17	2.0000	1.0400	0.0182	3726.0245	16
spread_scafSelf	M17	5.0000	0.8849	0.0150	144.0824	16
spread_scafSelf	M18	0.5000	0.0000	0.0001	2762.5737	16
spread_scafSelf	M18	10.0000	0.8637	0.0104	33.6366	16
spread_scafSelf	M18	1.0000	0.0000	0.0001	2983.0163	16
spread_scafSelf	M18	2.0000	1.1146	0.0176	5231.8086	16
spread_scafSelf	M18	5.0000	0.8849	0.0116	109.5329	16
spread_scafSelf	M19	0.5000	0.0000	0.0001	7149.2310	16
spread_scafSelf	M19	10.0000	1.2354	0.0177	72.0727	16
spread_scafSelf	M19	1.0000	7.4331	0.0465	8349.2964	16
spread_scafSelf	M19	2.0000	2.4734	0.0276	4892.2649	16
spread_scafSelf	M19	5.0000	0.0001	0.0001	3760.7588	16
spread_scafSelf	M1	0.5000	0.0000	0.0001	555.1584	15
spread_scafSelf	M1	10.0000	1.8279	0.0137	29.8241	16
spread_scafSelf	M1	1.0000	2.4119	0.0301	6161.0694	16
spread_scafSelf	M1	2.0000	1.9216	0.0212	1524.1188	16
spread_scafSelf	M1	5.0000	1.8161	0.0160	29.5648	16
spread_scafSelf	M22	0.5000	0.0000	0.0001	258.9597	16
spread_scafSelf	M22	10.0000	0.8565	0.0117	156.1774	16
spread_scafSelf	M22	1.0000	0.0000	0.0002	2618.5609	16
spread_scafSelf	M22	2.0000	0.8459	0.0170	2292.4523	16
spread_scafSelf	M22	5.0000	0.7380	0.0125	107.1244	16
spread_scafSelf	M23	0.5000	0.6609	0.0477	57.3755	16
spread_scafSelf	M23	10.0000	0.5934	0.0086	31.5675	16
spread_scafSelf	M23	1.0000	0.0000	0.0001	1798.0764	16
spread_scafSelf	M23	2.0000	0.7250	0.0170	109.6951	16
spread_scafSelf	M23	5.0000	0.6274	0.0114	44.0408	16
spread_scafSelf	M24	0.5000	0.5221	0.0534	108.9755	16
spread_scafSelf	M24	10.0000	0.6650	0.0087	34.1328	16
spread_scafSelf	M24	1.0000	0.0000	0.0001	2341.3915	16
spread_scafSelf	M24	2.0000	0.7237	0.0164	73.3235	16
spread_scafSelf	M24	5.0000	0.7104	0.0111	22.5447	16
spread_scafSelf	M25	0.5000	0.0000	0.0001	1283.1012	16
spread_scafSelf	M25	10.0000	0.7148	0.0108	113.4389	16
spread_scafSelf	M25	1.0000	0.0000	0.0001	3195.7297	16
spread_scafSelf	M25	2.0000	0.7046	0.0160	1480.1427	16
spread_scafSelf	M25	5.0000	0.6434	0.0114	50.1950	16
spread_scafSelf	M27	0.5000	0.0000	0.0001	1319.4557	16
spread_scafSelf	M27	10.0000	0.6007	0.0104	67.7768	16
spread_scafSelf	M27	1.0000	0.0000	0.0001	2820.0280	16
spread_scafSelf	M27	2.0000	0.6496	0.0158	3293.2935	16
spread_scafSelf	M27	5.0000	0.5323	0.0105	70.9018	16
spread_scafSelf	M2	0.5000	0.0000	0.0001	1685.9324	16
spread_scafSelf	M2	10.0000	2.4311	0.0180	385.1358	16
spread_scafSelf	M2	1.0000	2.3542	0.0300	5595.4476	16
spread_scafSelf	M2	2.0000	1.7844	0.0219	2422.6250	16
spread_scafSelf	M2	5.0000	1.9803	0.0192	347.8590	16
spread_scafSelf	M3	0.5000	0.0000	0.0001	384.1314	16
spread_scafSelf	M3	10.0000	1.5157	0.0111	45.0948	16
spread_scafSelf	M3	1.0000	0.0000	0.0001	1699.4285	16
spread_scafSelf	M3	2.0000	1.5498	0.0197	156.5196	16
spread_scafSelf	M3	5.0000	1.5586	0.0143	78.1754	16
spread_scafSelf	M4	0.5000	0.0000	0.0001	189.2901	16
spread_scafSelf	M4	10.0000	1.9447	0.0171	279.4251	16
spread_scafSelf	M4	1.0000	0.0000	0.0001	14194.8336	16
spread_scafSelf	M4	2.0000	1.6779	0.0213	2622.2074	16
spread_scafSelf	M4	5.0000	1.7550	0.0196	151.4882	16
spread_scafSelf	M6	0.5000	0.0000	0.0001	441.9887	16
spread_scafSelf	M6	10.0000	1.2888	0.0111	19.4699	16
spread_scafSelf	M6	1.0000	0.0000	0.0002	6809.8493	16
spread_scafSelf	M6	2.0000	1.7098	0.0204	6274.7391	16
spread_scafSelf	M6	5.0000	1.3160	0.0136	28.0548	16
spread_scafSelf	RUN_OUT	0.5000	0.0000	0.0001	1794.4173	16
spread_scafSelf	RUN_OUT	10.0000	0.4549	0.0096	547.4559	16
spread_scafSelf	RUN_OUT	1.0000	0.0000	0.0001	5487.0961	16
spread_scafSelf	RUN_OUT	2.0000	0.2767	0.0148	163.7952	16
spread_scafSelf	RUN_OUT	5.0000	0.2927	0.0101	237.9726	16
