k	medium	depth	seconds	rss_mb	log2ptr	i2	growth_rate	pred
12	M10	0.5	4.14	193.016	0.94429	0.248829	1.15	1.2108
12	M10	10	11.57	191.75	1.2268	0.270051	1.15	1.2108
12	M10	1	6.68	188.766	1.10447	0	1.15	1.2108
12	M10	2	7.73	200.781	1.14606	0	1.15	1.2108
12	M10	5	9.21	203.578	1.20143	0	1.15	1.2108
12	M12	0.5	4.39	195.359	1.12991	0.0564001	1.022	1.1568
12	M12	10	10.41	178.016	1.27303	0.613059	1.022	1.1568
12	M12	1	6.71	192.891	1.00081	0.627671	1.022	1.1568
12	M12	2	7.91	202.625	1.10405	0.332448	1.022	1.1568
12	M12	5	9.17	178.984	1.20003	0	1.022	1.1568
12	M13	0.5	4.11	178.344	0.774713	0.528679	0.8612	1.0326
12	M13	10	9.22	176.188	1.0362	0	0.8612	1.0326
12	M13	1	6.61	193.062	0.812908	0.404439	0.8612	1.0326
12	M13	2	8.17	189.75	0.942293	0	0.8612	1.0326
12	M13	5	8.79	192.938	1.02201	0	0.8612	1.0326
12	M17	0.5	4.37	191.234	0.477441	0	0.744	0.702
12	M17	10	10.53	192.531	0.753292	0	0.744	0.702
12	M17	1	6.97	198.688	0.743014	0.328401	0.744	0.702
12	M17	2	8.51	201.656	0.678837	0.662798	0.744	0.702
12	M17	5	9.68	187.703	0.680547	0	0.744	0.702
12	M18	0.5	4.37	204.688	0.785429	0	0.7413	0.8578
12	M18	10	11.83	176.438	0.870536	0.33149	0.7413	0.8578
12	M18	1	6.83	170.078	0.745663	0	0.7413	0.8578
12	M18	2	8.03	203.688	0.915476	0.437866	0.7413	0.8578
12	M18	5	10	210.516	0.918874	0.521494	0.7413	0.8578
12	M19	0.5	4.45	190.859	0.566802	0.0291631	0.5776	0.8862
12	M19	10	9.78	209.766	0.867432	0.447884	0.5776	0.8862
12	M19	1	7.89	209.219	0.700663	0	0.5776	0.8862
12	M19	2	8.21	211.641	0.599846	0	0.5776	0.8862
12	M19	5	8.86	205.312	0.911228	0.338773	0.5776	0.8862
12	M1	0.5	4.47	197.25	1.36189	0	1.7207	1.725
12	M1	10	11.85	185.219	1.79672	0.0131384	1.7207	1.725
12	M1	1	6.59	211.344	1.62116	0.160891	1.7207	1.725
12	M1	2	7.87	201.703	1.68487	0	1.7207	1.725
12	M1	5	9.47	174.828	1.78193	0	1.7207	1.725
12	M22	0.5	4.18	176.312	0.501847	0	0.4892	0.7233
12	M22	10	10.97	193.734	0.724602	0.133253	0.4892	0.7233
12	M22	1	6.97	173.688	0.595024	0	0.4892	0.7233
12	M22	2	8.25	204.359	0.690923	0	0.4892	0.7233
12	M22	5	9.68	189.281	0.689319	0.518714	0.4892	0.7233
12	M23	0.5	4.4	190.984	0.498047	0	0.477	0.542
12	M23	10	11.35	210.734	0.550855	0.789634	0.477	0.542
12	M23	1	6.83	194.156	0.48468	0.0294731	0.477	0.542
12	M23	2	7.85	200.125	0.632623	0.415565	0.477	0.542
12	M23	5	8.89	193.844	0.590297	0.727824	0.477	0.542
12	M24	0.5	4.16	200.672	0.368034	0	0.4648	0.6861
12	M24	10	11.21	197.672	0.674844	0	0.4648	0.6861
12	M24	1	6.53	188.891	0.586509	0	0.4648	0.6861
12	M24	2	7.93	176	0.614507	0.494264	0.4648	0.6861
12	M24	5	9.09	201.328	0.68272	0	0.4648	0.6861
12	M25	0.5	4.22	199.938	0.665458	0.081723	0.4346	0.6425
12	M25	10	11.23	184.078	0.653596	0.54579	0.4346	0.6425
12	M25	1	6.7	185.938	0.656089	0.549051	0.4346	0.6425
12	M25	2	8.12	176.906	0.587866	0.0940234	0.4346	0.6425
12	M25	5	9.71	175.5	0.62241	0.48905	0.4346	0.6425
12	M27	0.5	4.16	175.391	0.3546	0	0.3992	0.5526
12	M27	10	11.31	200.203	0.541197	0	0.3992	0.5526
12	M27	1	6.83	189.438	0.399899	0	0.3992	0.5526
12	M27	2	7.86	176.391	0.432587	0.559835	0.3992	0.5526
12	M27	5	9.19	176.766	0.497778	0	0.3992	0.5526
12	M2	0.5	4.19	202.516	1.15844	0	1.51	1.6844
12	M2	10	9.57	196.109	1.90212	0.361792	1.51	1.6844
12	M2	1	6.22	187.516	1.40807	0	1.51	1.6844
12	M2	2	7.84	176.938	1.52831	0.47936	1.51	1.6844
12	M2	5	8.6	183.672	1.73687	0.439708	1.51	1.6844
12	M3	0.5	3.96	179.203	1.08804	0	1.438	1.463
12	M3	10	10.87	183.297	1.51654	0.616549	1.438	1.463
12	M3	1	6.31	197.969	1.2824	0.0943625	1.438	1.463
12	M3	2	7.62	178.578	1.44888	0	1.438	1.463
12	M3	5	8.63	194.016	1.54154	0.673812	1.438	1.463
12	M4	0.5	4.02	187.938	1.06584	0	1.3718	1.5315
12	M4	10	9.89	191.641	1.56364	0	1.3718	1.5315
12	M4	1	6.54	208.172	1.36658	0	1.3718	1.5315
12	M4	2	8.06	200.609	1.29189	0	1.3718	1.5315
12	M4	5	8.82	194.469	1.4876	0.278652	1.3718	1.5315
12	M6	0.5	4.13	197.5	1.09481	0.00854157	1.3549	1.3298
12	M6	10	10.95	196.203	1.29381	0.330114	1.3549	1.3298
12	M6	1	6.43	193.656	1.20264	0	1.3549	1.3298
12	M6	2	7.55	199.141	1.29914	0	1.3549	1.3298
12	M6	5	8.42	191.484	1.33654	0	1.3549	1.3298
12	RUN_OUT	0.5	4.15	207.078	0.238718	0		
12	RUN_OUT	10	10.57	191.453	0.0433001	0		
12	RUN_OUT	1	6.52	172.734	0.0692531	0		
12	RUN_OUT	2	7.77	192.297	0.0877702	0		
12	RUN_OUT	5	9.11	195.906	0.0556531	0		
16	M10	0.5	4.26	196.406	0.922703	0.188454	1.15	1.2108
16	M10	10	12.61	194.625	1.22446	0.0847128	1.15	1.2108
16	M10	1	6.87	189.703	1.0603	0.0668602	1.15	1.2108
16	M10	2	8.14	207.609	1.13677	0	1.15	1.2108
16	M10	5	9.97	195.844	1.19069	0.282722	1.15	1.2108
16	M12	0.5	4.52	199.875	1.10552	0.0523948	1.022	1.1568
16	M12	10	11.6	189.109	1.27894	0.462272	1.022	1.1568
16	M12	1	6.9	191.906	1.0063	0.496205	1.022	1.1568
16	M12	2	8.26	194.031	1.16627	0.0469743	1.022	1.1568
16	M12	5	10.06	178.203	1.19081	0.27241	1.022	1.1568
16	M13	0.5	4.34	192.5	0.812196	0.451074	0.8612	1.0326
16	M13	10	10.55	208.312	1.04847	0.189787	0.8612	1.0326
16	M13	1	6.84	194.094	0.891717	0.492401	0.8612	1.0326
16	M13	2	8.34	192.359	0.911821	0	0.8612	1.0326
16	M13	5	9.39	194.984	1.00334	0.215525	0.8612	1.0326
16	M17	0.5	4.46	199.078	0.470551	0	0.744	0.702
16	M17	10	11.46	194.562	0.753926	0	0.744	0.702
16	M17	1	6.99	195.203	0.740669	0.181666	0.744	0.702
16	M17	2	8.32	193.297	0.658508	0.588858	0.744	0.702
16	M17	5	10.14	201	0.677994	0	0.744	0.702
16	M18	0.5	4.24	184.453	0.796361	0	0.7413	0.8578
16	M18	10	12.9	193.438	0.867959	0.22134	0.7413	0.8578
16	M18	1	6.93	203.375	0.742266	0	0.7413	0.8578
16	M18	2	8.22	193.344	0.880096	0.612573	0.7413	0.8578
16	M18	5	9.91	211.234	0.886243	0.727719	0.7413	0.8578
16	M19	0.5	4.47	198.609	0.574924	0	0.5776	0.8862
16	M19	10	10.19	195.188	0.891213	0.320978	0.5776	0.8862
16	M19	1	7.11	194.797	0.708154	0	0.5776	0.8862
16	M19	2	8.36	193.766	0.599687	0	0.5776	0.8862
16	M19	5	8.83	194.891	0.893131	0.341675	0.5776	0.8862
16	M1	0.5	4.22	192.375	1.31772	0	1.7207	1.725
16	M1	10	12.9	209.75	1.7976	0	1.7207	1.725
16	M1	1	6.43	187.859	1.58762	0.164806	1.7207	1.725
16	M1	2	8.17	209.547	1.6876	0	1.7207	1.725
16	M1	5	10.15	189.094	1.78504	0	1.7207	1.725
16	M22	0.5	4.27	190.078	0.606527	0	0.4892	0.7233
16	M22	10	12.18	188.953	0.721327	0	0.4892	0.7233
16	M22	1	7.08	191.125	0.570931	0	0.4892	0.7233
16	M22	2	8.61	215.578	0.701362	0.0639114	0.4892	0.7233
16	M22	5	10.45	203.188	0.682538	0.540199	0.4892	0.7233
16	M23	0.5	4.25	201.469	0.543778	0	0.477	0.542
16	M23	10	12.46	188.656	0.55038	0.748166	0.477	0.542
16	M23	1	6.92	202.172	0.506323	0	0.477	0.542
16	M23	2	8.27	188.078	0.64093	0.363343	0.477	0.542
16	M23	5	9.74	211.125	0.598543	0.65171	0.477	0.542
16	M24	0.5	4.39	193.438	0.311866	0	0.4648	0.6861
16	M24	10	12.28	196.547	0.671169	0	0.4648	0.6861
16	M24	1	6.71	208.75	0.578022	0	0.4648	0.6861
16	M24	2	8.41	197.234	0.624022	0.352332	0.4648	0.6861
16	M24	5	9.86	203.375	0.686248	0	0.4648	0.6861
16	M25	0.5	4.39	189.281	0.657769	0.192369	0.4346	0.6425
16	M25	10	12.5	193.312	0.646544	0.479581	0.4346	0.6425
16	M25	1	6.95	194.703	0.696979	0.578617	0.4346	0.6425
16	M25	2	8.57	178.219	0.579299	0.16544	0.4346	0.6425
16	M25	5	10.43	204.969	0.615864	0.39572	0.4346	0.6425
16	M27	0.5	4.26	184.859	0.357164	0	0.3992	0.5526
16	M27	10	12.45	199.797	0.548769	0.0829495	0.3992	0.5526
16	M27	1	7.08	195.234	0.393371	0	0.3992	0.5526
16	M27	2	8.38	178.766	0.441494	0.418732	0.3992	0.5526
16	M27	5	9.94	183	0.501111	0.0804614	0.3992	0.5526
16	M2	0.5	4.21	194.062	1.11003	0	1.51	1.6844
16	M2	10	10.51	197.344	1.8715	0.296713	1.51	1.6844
16	M2	1	6.36	190.234	1.36925	0.380176	1.51	1.6844
16	M2	2	8.17	191.547	1.43696	0.595994	1.51	1.6844
16	M2	5	9.29	195.109	1.69878	0.395006	1.51	1.6844
16	M3	0.5	4.03	176.016	1.02765	0	1.438	1.463
16	M3	10	12.23	178.609	1.50938	0.546188	1.438	1.463
16	M3	1	6.64	198.703	1.23995	0.012547	1.438	1.463
16	M3	2	7.96	187.156	1.43332	0.00393788	1.438	1.463
16	M3	5	9.49	195.516	1.52966	0.608157	1.438	1.463
16	M4	0.5	4.11	203.125	1.08034	0	1.3718	1.5315
16	M4	10	10.98	201.406	1.54783	0	1.3718	1.5315
16	M4	1	6.69	195.359	1.35647	0	1.3718	1.5315
16	M4	2	8.36	200.797	1.28386	0	1.3718	1.5315
16	M4	5	9.69	179.391	1.47101	0.277851	1.3718	1.5315
16	M6	0.5	4.25	182.766	0.998643	0.230417	1.3549	1.3298
16	M6	10	12.25	203.094	1.29306	0.141767	1.3549	1.3298
16	M6	1	6.73	200.688	1.1941	0	1.3549	1.3298
16	M6	2	7.98	195.859	1.29154	0	1.3549	1.3298
16	M6	5	9.25	201.281	1.33626	0	1.3549	1.3298
16	RUN_OUT	0.5	4.25	194.359	0.259667	0		
16	RUN_OUT	10	11.76	176.016	0.0464499	0		
16	RUN_OUT	1	6.87	193.328	0.0770539	0		
16	RUN_OUT	2	8.32	209.344	0.0970947	0		
16	RUN_OUT	5	10.04	176.625	0.0601071	0		
2	M10	0.5	2.21	163.594	0.874635	0.506517	1.15	1.2108
2	M10	10	4.22	162.203	1.25214	0	1.15	1.2108
2	M10	1	3.07	161.969	1.17157	0	1.15	1.2108
2	M10	2	3.26	155.359	1.17152	0	1.15	1.2108
2	M10	5	3.67	167.406	1.21433	0	1.15	1.2108
2	M12	0.5	2.25	161.922	1.3039	0	1.022	1.1568
2	M12	10	3.91	159.359	1.39893	0.658016	1.022	1.1568
2	M12	1	3.18	156.844	1.19683	0.695928	1.022	1.1568
2	M12	2	3.31	163.609	1.0946	0.368679	1.022	1.1568
2	M12	5	3.71	159.938	1.234	0.79038	1.022	1.1568
2	M13	0.5	2.27	158.469	0.660218	0	0.8612	1.0326
2	M13	10	3.44	168.125	1.04545	0	0.8612	1.0326
2	M13	1	3.13	167.031	0.642108	0	0.8612	1.0326
2	M13	2	3.64	169.875	0.87464	0	0.8612	1.0326
2	M13	5	3.58	157.453	0.955719	0	0.8612	1.0326
2	M17	0.5	2.24	157.578	0.538398	0	0.744	0.702
2	M17	10	3.82	161.469	0.778309	0	0.744	0.702
2	M17	1	3.15	156.594	0.892106	0.117566	0.744	0.702
2	M17	2	3.26	161.812	0.769978	0	0.744	0.702
2	M17	5	3.71	158.062	0.746518	0	0.744	0.702
2	M18	0.5	2.14	156.797	0.738729	0	0.7413	0.8578
2	M18	10	4.34	155.828	0.870105	0	0.7413	0.8578
2	M18	1	3.09	168	0.687106	0.0932807	0.7413	0.8578
2	M18	2	3.3	164.188	0.951147	0.0676112	0.7413	0.8578
2	M18	5	3.35	155.5	0.922375	0	0.7413	0.8578
2	M19	0.5	2.18	163.406	0.535665	0	0.5776	0.8862
2	M19	10	3.26	163.484	0.907051	0.206713	0.5776	0.8862
2	M19	1	3.03	167.391	0.724198	0	0.5776	0.8862
2	M19	2	3.37	157.172	0.625978	0	0.5776	0.8862
2	M19	5	3.27	157.469	0.988904	0	0.5776	0.8862
2	M1	0.5	1.95	157.141	1.30283	0	1.7207	1.725
2	M1	10	4.3	163.172	1.80122	0	1.7207	1.725
2	M1	1	2.87	158.422	1.61119	0.580544	1.7207	1.725
2	M1	2	3.31	164.672	1.55206	0	1.7207	1.725
2	M1	5	3.7	165.766	1.76727	0	1.7207	1.725
2	M22	0.5	2.16	159.469	0.553632	0	0.4892	0.7233
2	M22	10	4.13	158.156	0.7368	0	0.4892	0.7233
2	M22	1	3.23	166.484	0.553585	0	0.4892	0.7233
2	M22	2	3.55	155.578	0.709622	0	0.4892	0.7233
2	M22	5	3.82	169.688	0.69859	0.467225	0.4892	0.7233
2	M23	0.5	2.15	158.062	0.548632	0.572768	0.477	0.542
2	M23	10	3.96	157.453	0.58316	0.629246	0.477	0.542
2	M23	1	3.05	156.516	0.460387	0.498866	0.477	0.542
2	M23	2	3.14	157.5	0.621324	0	0.477	0.542
2	M23	5	3.59	165.391	0.598752	0	0.477	0.542
2	M24	0.5	2.19	164.531	0.324347	0	0.4648	0.6861
2	M24	10	4.12	164.453	0.684473	0.798577	0.4648	0.6861
2	M24	1	3.03	160.031	0.602992	0.450408	0.4648	0.6861
2	M24	2	3.37	157.969	0.642092	0	0.4648	0.6861
2	M24	5	3.66	162.859	0.680583	0	0.4648	0.6861
2	M25	0.5	2.09	157.406	0.602835	0	0.4346	0.6425
2	M25	10	4.22	163.391	0.663718	0	0.4346	0.6425
2	M25	1	3.07	156.578	0.511148	0	0.4346	0.6425
2	M25	2	3.46	156	0.633102	0.06206	0.4346	0.6425
2	M25	5	3.79	157.5	0.639724	0	0.4346	0.6425
2	M27	0.5	2.19	157.094	0.350713	0	0.3992	0.5526
2	M27	10	4.32	166.938	0.545646	0.51489	0.3992	0.5526
2	M27	1	2.89	162.109	0.477673	0	0.3992	0.5526
2	M27	2	3.63	164.516	0.393454	0.774628	0.3992	0.5526
2	M27	5	4.12	169.406	0.495267	0.667044	0.3992	0.5526
2	M2	0.5	2.16	157.453	1.24843	0	1.51	1.6844
2	M2	10	3.59	161.609	1.91246	0.0847628	1.51	1.6844
2	M2	1	3.16	165.031	1.33763	0.651584	1.51	1.6844
2	M2	2	3.61	166.047	1.63364	0	1.51	1.6844
2	M2	5	3.72	163.219	1.7407	0	1.51	1.6844
2	M3	0.5	1.91	169.234	1.1551	0	1.438	1.463
2	M3	10	3.89	164.484	1.50934	0.0369576	1.438	1.463
2	M3	1	3.03	169.625	1.3517	0.35351	1.438	1.463
2	M3	2	3.54	169.016	1.4523	0	1.438	1.463
2	M3	5	3.42	165.75	1.5425	0.516415	1.438	1.463
2	M4	0.5	2.17	166.328	1.15792	0	1.3718	1.5315
2	M4	10	3.74	167.469	1.62533	0.653616	1.3718	1.5315
2	M4	1	3.05	164.266	1.42951	0	1.3718	1.5315
2	M4	2	3.51	171.047	1.45879	0.283249	1.3718	1.5315
2	M4	5	3.72	163.703	1.54826	0	1.3718	1.5315
2	M6	0.5	2.18	171.734	1.24797	0	1.3549	1.3298
2	M6	10	4.02	171.172	1.27552	0.673881	1.3549	1.3298
2	M6	1	2.99	156.172	1.1397	0	1.3549	1.3298
2	M6	2	3.17	164.125	1.27998	0	1.3549	1.3298
2	M6	5	3.35	161.219	1.34305	0.540707	1.3549	1.3298
2	RUN_OUT	0.5	2.17	162.234	0.0343794			
2	RUN_OUT	10	3.88	164.609	0.0228409	0		
2	RUN_OUT	1	3.04	168.734				
2	RUN_OUT	2	3.54	165.078	0.112424			
2	RUN_OUT	5	3.68	164.969	0.0653229	0.0590688		
4	M10	0.5	3.07	175.891	0.866569	0	1.15	1.2108
4	M10	10	6.19	168.031	1.25413	0	1.15	1.2108
4	M10	1	4.16	178.578	1.16076	0	1.15	1.2108
4	M10	2	4.59	177.578	1.1722	0	1.15	1.2108
4	M10	5	5.24	163.125	1.21987	0	1.15	1.2108
4	M12	0.5	3.02	175.141	1.2087	0	1.022	1.1568
4	M12	10	5.46	171.859	1.334	0.364312	1.022	1.1568
4	M12	1	4.27	170.375	1.13643	0.557872	1.022	1.1568
4	M12	2	4.76	180.219	1.2203	0	1.022	1.1568
4	M12	5	5.37	182.703	1.17066	0.408826	1.022	1.1568
4	M13	0.5	2.84	174.703	0.986783	0.835878	0.8612	1.0326
4	M13	10	4.79	171.516	1.05446	0	0.8612	1.0326
4	M13	1	4.52	173.641	0.69317	0.414401	0.8612	1.0326
4	M13	2	5.03	173.594	0.886372	0	0.8612	1.0326
4	M13	5	5.3	180.609	0.94809	0.0729062	0.8612	1.0326
4	M17	0.5	2.93	175.188	0.514569	0	0.744	0.702
4	M17	10	5.49	180.641	0.733568	0	0.744	0.702
4	M17	1	4.23	174.125	0.746779	0.257098	0.744	0.702
4	M17	2	4.6	178.578	0.640733	0.869177	0.744	0.702
4	M17	5	5.11	164.828	0.670139	0.526031	0.744	0.702
4	M18	0.5	2.75	163.125	0.698171	0	0.7413	0.8578
4	M18	10	5.97	168.875	0.876417	0	0.7413	0.8578
4	M18	1	4.18	176.891	0.72476	0	0.7413	0.8578
4	M18	2	4.67	177.312	0.938596	0	0.7413	0.8578
4	M18	5	4.91	177.25	0.915708	0	0.7413	0.8578
4	M19	0.5	2.81	161.344	0.656195	0.300084	0.5776	0.8862
4	M19	10	4.61	174.75	0.887683	0	0.5776	0.8862
4	M19	1	4.33	163.297	0.71103	0	0.5776	0.8862
4	M19	2	4.75	172.875	0.595992	0	0.5776	0.8862
4	M19	5	4.55	163.094	0.968244	0	0.5776	0.8862
4	M1	0.5	2.74	170.953	1.39997	0.35262	1.7207	1.725
4	M1	10	6.16	174.984	1.79541	0.329327	1.7207	1.725
4	M1	1	3.92	173.281	1.66023	0.408595	1.7207	1.725
4	M1	2	4.46	177.203	1.55754	0	1.7207	1.725
4	M1	5	5.16	169.953	1.79122	0.253172	1.7207	1.725
4	M22	0.5	2.84	167.812	0.519506	0	0.4892	0.7233
4	M22	10	5.74	164.047	0.753193	0	0.4892	0.7233
4	M22	1	4.25	170.953	0.546413	0	0.4892	0.7233
4	M22	2	4.86	177.328	0.694931	0	0.4892	0.7233
4	M22	5	5.38	175.266	0.703827	0.12137	0.4892	0.7233
4	M23	0.5	2.8	165.703	0.529586	0	0.477	0.542
4	M23	10	5.68	174.047	0.568542	0.432992	0.477	0.542
4	M23	1	4.13	172.578	0.462149	0	0.477	0.542
4	M23	2	4.56	163.891	0.601823	0	0.477	0.542
4	M23	5	4.95	169.312	0.602283	0	0.477	0.542
4	M24	0.5	2.88	180.297	0.341054	0	0.4648	0.6861
4	M24	10	5.84	165.516	0.676744	0.519242	0.4648	0.6861
4	M24	1	4.16	165.766	0.670146	0.145815	0.4648	0.6861
4	M24	2	4.67	178.469	0.656744	0.37742	0.4648	0.6861
4	M24	5	4.93	173.875	0.688271	0	0.4648	0.6861
4	M25	0.5	2.78	179.766	0.603119	0	0.4346	0.6425
4	M25	10	5.92	180.312	0.656665	0	0.4346	0.6425
4	M25	1	4.11	175.5	0.622364	0.121046	0.4346	0.6425
4	M25	2	4.73	179.969	0.627746	0	0.4346	0.6425
4	M25	5	5.35	171.781	0.625467	0	0.4346	0.6425
4	M27	0.5	2.72	165.734	0.348997	0	0.3992	0.5526
4	M27	10	5.73	161.766	0.550287	0	0.3992	0.5526
4	M27	1	4.17	175.922	0.391838	0	0.3992	0.5526
4	M27	2	4.73	173.562	0.458328	0.686667	0.3992	0.5526
4	M27	5	4.98	171.844	0.505078	0.192544	0.3992	0.5526
4	M2	0.5	2.67	163	1.33884	0	1.51	1.6844
4	M2	10	4.76	165.453	1.95374	0	1.51	1.6844
4	M2	1	3.76	165.375	1.43226	0.127491	1.51	1.6844
4	M2	2	4.65	174.516	1.64143	0	1.51	1.6844
4	M2	5	4.66	165.344	1.72039	0.596139	1.51	1.6844
4	M3	0.5	2.5	165.516	1.20228	0	1.438	1.463
4	M3	10	5.5	175.109	1.5087	0.843172	1.438	1.463
4	M3	1	3.95	182.188	1.33947	0	1.438	1.463
4	M3	2	4.51	169.453	1.44236	0	1.438	1.463
4	M3	5	4.64	175.406	1.54274	0.847415	1.438	1.463
4	M4	0.5	2.76	172.703	1.13318	0	1.3718	1.5315
4	M4	10	5.08	180.844	1.60882	0	1.3718	1.5315
4	M4	1	4.11	181.547	1.41378	0	1.3718	1.5315
4	M4	2	4.8	175.891	1.36235	0.458475	1.3718	1.5315
4	M4	5	5.04	174.188	1.55946	0	1.3718	1.5315
4	M6	0.5	2.87	182.688	1.20641	0.312167	1.3549	1.3298
4	M6	10	5.67	175.062	1.28758	0.557403	1.3549	1.3298
4	M6	1	4.1	183.625	1.19828	0	1.3549	1.3298
4	M6	2	4.44	175.641	1.29872	0	1.3549	1.3298
4	M6	5	4.58	177.562	1.35206	0	1.3549	1.3298
4	RUN_OUT	0.5	2.67	163.266	0.0913489	0		
4	RUN_OUT	10	5.36	167.531	0.0418027	0		
4	RUN_OUT	1	4.07	169.453	0.040576	0		
4	RUN_OUT	2	4.66	170.109	0.0894977	0		
4	RUN_OUT	5	4.96	173.109	0.0608335	0		
8	M10	0.5	3.69	181.016	0.875714	0	1.15	1.2108
8	M10	10	8.85	191.078	1.23553	0.356878	1.15	1.2108
8	M10	1	6.05	176.344	1.11584	0	1.15	1.2108
8	M10	2	6.82	182.5	1.15555	0	1.15	1.2108
8	M10	5	7.84	207.125	1.20732	0.0819237	1.15	1.2108
8	M12	0.5	4.23	205.078	1.14168	0	1.022	1.1568
8	M12	10	8.44	190.75	1.30145	0.413778	1.022	1.1568
8	M12	1	6.17	203.156	0.996338	0.502774	1.022	1.1568
8	M12	2	6.88	181.625	1.15557	0.200332	1.022	1.1568
8	M12	5	7.76	193.484	1.19542	0.232362	1.022	1.1568
8	M13	0.5	3.94	192.75	0.894516	0.669777	0.8612	1.0326
8	M13	10	7.45	198.281	1.02232	0	0.8612	1.0326
8	M13	1	6.2	193.766	0.774063	0.413986	0.8612	1.0326
8	M13	2	7.13	198.391	0.935803	0	0.8612	1.0326
8	M13	5	7.28	186.375	1.00669	0	0.8612	1.0326
8	M17	0.5	3.92	187.891	0.517246	0.105621	0.744	0.702
8	M17	10	8.16	186.125	0.765774	0.080261	0.744	0.702
8	M17	1	6.03	175.672	0.73367	0.246031	0.744	0.702
8	M17	2	6.74	188.141	0.682359	0.772698	0.744	0.702
8	M17	5	7.77	173.531	0.679717	0.140711	0.744	0.702
8	M18	0.5	3.74	176.844	0.783766	0	0.7413	0.8578
8	M18	10	9.1	178.969	0.872143	0	0.7413	0.8578
8	M18	1	6.17	188.141	0.757146	0	0.7413	0.8578
8	M18	2	7.1	186.188	0.944087	0.245416	0.7413	0.8578
8	M18	5	7.65	197.062	0.910414	0.219418	0.7413	0.8578
8	M19	0.5	4.13	204.703	0.623716	0	0.5776	0.8862
8	M19	10	7.23	192.062	0.87574	0.615781	0.5776	0.8862
8	M19	1	6.19	189.531	0.707593	0	0.5776	0.8862
8	M19	2	6.8	176.406	0.624204	0	0.5776	0.8862
8	M19	5	6.81	191.172	0.907146	0.490827	0.5776	0.8862
8	M1	0.5	3.74	186.625	1.36056	0	1.7207	1.725
8	M1	10	9.29	190.984	1.79891	0.172267	1.7207	1.725
8	M1	1	5.51	204.781	1.62773	0.107514	1.7207	1.725
8	M1	2	6.75	175.656	1.65334	0	1.7207	1.725
8	M1	5	7.75	189.047	1.7844	0.216899	1.7207	1.725
8	M22	0.5	3.81	187.531	0.494859	0	0.4892	0.7233
8	M22	10	8.74	177.562	0.725274	0.427197	0.4892	0.7233
8	M22	1	6.09	175.062	0.565127	0	0.4892	0.7233
8	M22	2	7.09	190.422	0.699898	0.0892993	0.4892	0.7233
8	M22	5	8.12	197.781	0.69352	0.619426	0.4892	0.7233
8	M23	0.5	3.89	173.359	0.492091	0	0.477	0.542
8	M23	10	8.88	187.422	0.574756	0.465021	0.477	0.542
8	M23	1	5.95	178.953	0.482378	0	0.477	0.542
8	M23	2	6.61	193.562	0.624787	0.368739	0.477	0.542
8	M23	5	7.23	181.766	0.61345	0	0.477	0.542
8	M24	0.5	3.82	190.203	0.312162	0	0.4648	0.6861
8	M24	10	8.53	198.859	0.677399	0.236933	0.4648	0.6861
8	M24	1	5.75	190.109	0.625675	0	0.4648	0.6861
8	M24	2	6.87	173.625	0.618333	0.593805	0.4648	0.6861
8	M24	5	7.38	190.641	0.680808	0	0.4648	0.6861
8	M25	0.5	3.85	174.422	0.600802	0.149413	0.4346	0.6425
8	M25	10	8.73	175.047	0.66829	0	0.4346	0.6425
8	M25	1	5.89	174.25	0.573626	0	0.4346	0.6425
8	M25	2	6.84	190.859	0.580294	0	0.4346	0.6425
8	M25	5	7.93	175.531	0.609839	0	0.4346	0.6425
8	M27	0.5	3.63	174.609	0.328548	0	0.3992	0.5526
8	M27	10	8.81	175.172	0.545295	0	0.3992	0.5526
8	M27	1	6.04	173.281	0.445082	0	0.3992	0.5526
8	M27	2	6.81	184.531	0.451516	0.676471	0.3992	0.5526
8	M27	5	7.73	191.375	0.504935	0	0.3992	0.5526
8	M2	0.5	3.86	173.5	1.19045	0	1.51	1.6844
8	M2	10	7.26	178.828	1.97206	0	1.51	1.6844
8	M2	1	5.45	190.203	1.46205	0	1.51	1.6844
8	M2	2	6.74	174.906	1.62181	0	1.51	1.6844
8	M2	5	7.19	187.688	1.74249	0.466904	1.51	1.6844
8	M3	0.5	3.57	200.875	1.12821	0	1.438	1.463
8	M3	10	8.38	174.375	1.51042	0.670986	1.438	1.463
8	M3	1	5.69	172.141	1.3034	0	1.438	1.463
8	M3	2	6.48	174.484	1.45809	0	1.438	1.463
8	M3	5	6.96	174.844	1.55073	0.711215	1.438	1.463
8	M4	0.5	3.65	191.906	1.09568	0	1.3718	1.5315
8	M4	10	7.72	199.016	1.59078	0	1.3718	1.5315
8	M4	1	5.86	180.062	1.40593	0	1.3718	1.5315
8	M4	2	6.89	174.062	1.32933	0	1.3718	1.5315
8	M4	5	7.42	174.984	1.53111	0.167028	1.3718	1.5315
8	M6	0.5	3.85	190.906	1.16176	0	1.3549	1.3298
8	M6	10	8.63	174.875	1.28548	0.0876609	1.3549	1.3298
8	M6	1	5.96	198.5	1.19787	0	1.3549	1.3298
8	M6	2	6.66	196.594	1.30544	0	1.3549	1.3298
8	M6	5	6.85	176.75	1.34461	0	1.3549	1.3298
8	RUN_OUT	0.5	3.68	186.188	0.220755	0		
8	RUN_OUT	10	8.23	180.844	0.0315696	0		
8	RUN_OUT	1	5.97	176.172	0.0619569	0		
8	RUN_OUT	2	7.02	201.047	0.0872559	0		
8	RUN_OUT	5	7.61	189.141	0.0639338	0		
