arm	medium	cov	log2ptr	est_cov	passed	growth_rate	pred_log2ptr
A	M6	0.5	1.108395492	0.517065815	False	1.3549	1.3298
B	M6	0.5	1.892430283	0.5540310768	False	1.3549	1.3298
E	M6	0.5			False	1.3549	1.3298
C_default	M6	0.5				1.3549	1.3298
C_relaxed	M6	0.5	0.0000	1.0000		1.3549	1.3298
A	M3	0.5	1.000449243	0.5505726341	False	1.4380	1.4630
B	M3	0.5	2.169830686	0.5563066484	False	1.4380	1.4630
E	M3	0.5			False	1.4380	1.4630
C_default	M3	0.5				1.4380	1.4630
C_relaxed	M3	0.5	0.0000	1.0000		1.4380	1.4630
A	M2	0.5	1.147133682	0.6655922039	False	1.5100	1.6844
B	M2	0.5	1.961929943	0.6504566519	False	1.5100	1.6844
E	M2	0.5			False	1.5100	1.6844
C_default	M2	0.5				1.5100	1.6844
C_relaxed	M2	0.5	0.0000	1.0000		1.5100	1.6844
A	RUN_OUT	0.5	0.5903667034	0.6105832945	False		
B	RUN_OUT	0.5	1.796135718	0.5232264906	False		
E	RUN_OUT	0.5			False		
C_default	RUN_OUT	0.5					
C_relaxed	RUN_OUT	0.5	0.0000	1.0000			
A	M27	0.5	0.7805027566	0.5181275852	False	0.3992	0.5526
B	M27	0.5	1.718455961	0.4921510666	False	0.3992	0.5526
E	M27	0.5			False	0.3992	0.5526
C_default	M27	0.5				0.3992	0.5526
C_relaxed	M27	0.5	0.0000	1.0000		0.3992	0.5526
A	M25	0.5	1.057068214	0.462793894	False	0.4346	0.6425
B	M25	0.5	1.969721042	0.4782523394	False	0.4346	0.6425
E	M25	0.5			False	0.4346	0.6425
C_default	M25	0.5				0.4346	0.6425
C_relaxed	M25	0.5	0.0000	1.0000		0.4346	0.6425
A	M24	0.5	0.8052254637	0.5381511907	False	0.4648	0.6861
B	M24	0.5	1.924272562	0.5011039961	False	0.4648	0.6861
E	M24	0.5			False	0.4648	0.6861
C_default	M24	0.5				0.4648	0.6861
C_relaxed	M24	0.5	0.0000	1.0000		0.4648	0.6861
A	M22	0.5	0.7455335188	0.5444700528	False	0.4892	0.7233
B	M22	0.5	1.856075014	0.5328763731	False	0.4892	0.7233
E	M22	0.5			False	0.4892	0.7233
C_default	M22	0.5				0.4892	0.7233
C_relaxed	M22	0.5	0.0000	1.0000		0.4892	0.7233
A	M23	0.5	0.1742249469	0.6581763543	False	0.4770	0.5420
B	M23	0.5	1.901017623	0.5439045333	False	0.4770	0.5420
E	M23	0.5			False	0.4770	0.5420
C_default	M23	0.5				0.4770	0.5420
C_relaxed	M23	0.5	0.0000	1.0000		0.4770	0.5420
A	M19	0.5			False	0.5776	0.8862
B	M19	0.5	2.063141869	0.6769206307	False	0.5776	0.8862
E	M19	0.5			False	0.5776	0.8862
C_default	M19	0.5				0.5776	0.8862
C_relaxed	M19	0.5	0.0000	1.0000		0.5776	0.8862
A	M18	0.5	0.6952118748	0.5769876054	False	0.7413	0.8578
B	M18	0.5	1.687172729	0.5635255581	False	0.7413	0.8578
E	M18	0.5			False	0.7413	0.8578
C_default	M18	0.5				0.7413	0.8578
C_relaxed	M18	0.5	0.0000	1.0000		0.7413	0.8578
A	M17	0.5	1.026070388	0.6230423083	False	0.7440	0.7020
B	M17	0.5	1.721998246	0.652034419	False	0.7440	0.7020
E	M17	0.5			False	0.7440	0.7020
C_default	M17	0.5				0.7440	0.7020
C_relaxed	M17	0.5	0.0000	1.0000		0.7440	0.7020
A	M13	0.5	0.9584412812	0.6338037862	False	0.8612	1.0326
B	M13	0.5	1.920624867	0.586530941	False	0.8612	1.0326
E	M13	0.5			False	0.8612	1.0326
C_default	M13	0.5				0.8612	1.0326
C_relaxed	M13	0.5	0.0000	1.0000		0.8612	1.0326
A	M12	0.5	0.9236381818	0.5781182104	False	1.0220	1.1568
B	M12	0.5	1.88458396	0.5905719262	False	1.0220	1.1568
E	M12	0.5			False	1.0220	1.1568
C_default	M12	0.5				1.0220	1.1568
C_relaxed	M12	0.5	0.0000	1.0000		1.0220	1.1568
A	M1	0.5	1.257453337	0.5053663101	False	1.7207	1.7250
B	M1	0.5	2.176150954	0.546837855	False	1.7207	1.7250
E	M1	0.5			False	1.7207	1.7250
C_default	M1	0.5				1.7207	1.7250
C_relaxed	M1	0.5	0.0000	1.0000		1.7207	1.7250
A	M10	0.5	0.74246854	0.53484017	False	1.1500	1.2108
B	M10	0.5	1.873695988	0.5672378597	False	1.1500	1.2108
E	M10	0.5			False	1.1500	1.2108
C_default	M10	0.5				1.1500	1.2108
C_relaxed	M10	0.5	0.0000	1.0000		1.1500	1.2108
A	M4	0.5	1.037222008	0.6792032962	False	1.3718	1.5315
B	M4	0.5	1.943644119	0.6813252591	False	1.3718	1.5315
E	M4	0.5			False	1.3718	1.5315
C_default	M4	0.5				1.3718	1.5315
C_relaxed	M4	0.5	0.0000	1.0000		1.3718	1.5315
A	M6	1	1.035114345	0.9224796056	False	1.3549	1.3298
B	M6	1	1.436448672	0.9258027096	False	1.3549	1.3298
E	M6	1	0.9814888685	0.8178596801	False	1.3549	1.3298
C_default	M6	1				1.3549	1.3298
C_relaxed	M6	1	1.5470	1.3977		1.3549	1.3298
A	M3	1	1.228177276	0.9324148009	False	1.4380	1.4630
B	M3	1	1.571266198	0.9170551063	False	1.4380	1.4630
E	M3	1	1.196248965	0.8167280669	False	1.4380	1.4630
C_default	M3	1				1.4380	1.4630
C_relaxed	M3	1	1.9464	1.3652		1.4380	1.4630
A	M2	1	1.341405339	1.087182587	False	1.5100	1.6844
B	M2	1	1.633384608	1.087182587	False	1.5100	1.6844
E	M2	1	1.314912751	0.9490930089	False	1.5100	1.6844
C_default	M2	1				1.5100	1.6844
C_relaxed	M2	1	1.8340	1.4625		1.5100	1.6844
A	RUN_OUT	1	-0.05471777914	0.9076772692	False		
B	RUN_OUT	1	1.12251692	0.9231199016	False		
E	RUN_OUT	1			False		
C_default	RUN_OUT	1					
C_relaxed	RUN_OUT	1	1.1329	1.4772			
A	M27	1	0.1687622839	0.8819175153	False	0.3992	0.5526
B	M27	1	1.072136627	0.8715701764	False	0.3992	0.5526
E	M27	1			False	0.3992	0.5526
C_default	M27	1				0.3992	0.5526
C_relaxed	M27	1	1.0131	1.3984		0.3992	0.5526
A	M25	1	0.5529804309	0.9365848541	False	0.4346	0.6425
B	M25	1	1.121358225	0.9171398356	False	0.4346	0.6425
E	M25	1	0.6118299724	0.8485866548	False	0.4346	0.6425
C_default	M25	1				0.4346	0.6425
C_relaxed	M25	1	1.4379	1.4348		0.4346	0.6425
A	M24	1	0.544471801	0.8600863598	False	0.4648	0.6861
B	M24	1	1.263390715	0.8434745712	False	0.4648	0.6861
E	M24	1			False	0.4648	0.6861
C_default	M24	1				0.4648	0.6861
C_relaxed	M24	1	1.2779	1.4000		0.4648	0.6861
A	M22	1	0.6257668886	0.9110238174	False	0.4892	0.7233
B	M22	1	1.222386628	0.9194186802	False	0.4892	0.7233
E	M22	1	0.6530939402	0.8235697333	False	0.4892	0.7233
C_default	M22	1				0.4892	0.7233
C_relaxed	M22	1	1.3808	1.4185		0.4892	0.7233
A	M23	1	0.08167696895	0.9650564533	False	0.4770	0.5420
B	M23	1	1.183987602	0.8912734628	False	0.4770	0.5420
E	M23	1			False	0.4770	0.5420
C_default	M23	1				0.4770	0.5420
C_relaxed	M23	1	1.2201	1.3853		0.4770	0.5420
A	M19	1	0.2998685505	1.068429611	False	0.5776	0.8862
B	M19	1	1.522984444	1.014893319	False	0.5776	0.8862
E	M19	1			False	0.5776	0.8862
C_default	M19	1				0.5776	0.8862
C_relaxed	M19	1	1.8298	1.4208		0.5776	0.8862
A	M18	1	0.7380614184	0.9339559222	False	0.7413	0.8578
B	M18	1	1.318353584	0.9173371539	False	0.7413	0.8578
E	M18	1	0.8490846486	0.8572585856	False	0.7413	0.8578
C_default	M18	1				0.7413	0.8578
C_relaxed	M18	1	1.5158	1.4019		0.7413	0.8578
A	M17	1	0.4967452099	1.00707558	False	0.7440	0.7020
B	M17	1	1.090164077	0.9986630219	False	0.7440	0.7020
E	M17	1	0.5451051112	0.9113525482	False	0.7440	0.7020
C_default	M17	1				0.7440	0.7020
C_relaxed	M17	1	1.2548	1.4707		0.7440	0.7020
A	M13	1	0.7424305021	0.9402432907	False	0.8612	1.0326
B	M13	1	1.275724036	0.9312003752	False	0.8612	1.0326
E	M13	1	0.8073768354	0.8553973322	False	0.8612	1.0326
C_default	M13	1				0.8612	1.0326
C_relaxed	M13	1	1.5243	1.4021		0.8612	1.0326
A	M12	1	0.8749297526	0.9850241663	False	1.0220	1.1568
B	M12	1	1.472356947	0.9822429362	False	1.0220	1.1568
E	M12	1	0.9847863889	0.8773045073	False	1.0220	1.1568
C_default	M12	1				1.0220	1.1568
C_relaxed	M12	1	1.7449	1.4174		1.0220	1.1568
A	M1	1	1.496850605	0.8889698628	False	1.7207	1.7250
B	M1	1	1.802471256	0.8889698628	False	1.7207	1.7250
E	M1	1	1.546929467	0.7841042716	False	1.7207	1.7250
C_default	M1	1				1.7207	1.7250
C_relaxed	M1	1	1.9751	1.4144		1.7207	1.7250
A	M10	1	0.7153188796	0.9250560057	False	1.1500	1.2108
B	M10	1	1.266801436	0.9505868568	False	1.1500	1.2108
E	M10	1	0.8470596367	0.8229194411	False	1.1500	1.2108
C_default	M10	1				1.1500	1.2108
C_relaxed	M10	1	1.7012	1.3930		1.1500	1.2108
A	M4	1	0.8504269429	1.088832974	False	1.3718	1.5315
B	M4	1	1.317786341	1.079858143	False	1.3718	1.5315
E	M4	1	0.8157697892	0.9143917677	False	1.3718	1.5315
C_default	M4	1				1.3718	1.5315
C_relaxed	M4	1	1.6610	1.4468		1.3718	1.5315
A	M6	2	1.197140889	1.690874282	True	1.3549	1.3298
B	M6	2	1.296323077	1.690874282	True	1.3549	1.3298
E	M6	2	1.207806043	1.574348831	False	1.3549	1.3298
C_default	M6	2				1.3549	1.3298
C_relaxed	M6	2	1.4398	1.9033		1.3549	1.3298
A	M3	2	1.342230719	1.682673779	True	1.4380	1.4630
B	M3	2	1.381087633	1.682673779	True	1.4380	1.4630
E	M3	2	1.318122091	1.541877208	False	1.4380	1.4630
C_default	M3	2				1.4380	1.4630
C_relaxed	M3	2	1.3231	1.8517		1.4380	1.4630
A	M2	2	1.44460296	1.88620429	False	1.5100	1.6844
B	M2	2	1.582379246	1.88620429	False	1.5100	1.6844
E	M2	2	1.380760736	1.718496437	False	1.5100	1.6844
C_default	M2	2				1.5100	1.6844
C_relaxed	M2	2	1.8439	1.9772		1.5100	1.6844
A	RUN_OUT	2	0.1023426596	1.75839801	False		
B	RUN_OUT	2	0.6259240976	1.760748148	False		
E	RUN_OUT	2			False		
C_default	RUN_OUT	2					
C_relaxed	RUN_OUT	2	0.6461	2.0438			
A	M27	2	0.4585948548	1.625455062	True	0.3992	0.5526
B	M27	2	0.6831792964	1.639948342	True	0.3992	0.5526
E	M27	2	0.3970693902	1.54348017	True	0.3992	0.5526
C_default	M27	2				0.3992	0.5526
C_relaxed	M27	2	0.6476	1.8931		0.3992	0.5526
A	M25	2	0.6545199943	1.673546202	True	0.4346	0.6425
B	M25	2	0.873693689	1.682446526	True	0.4346	0.6425
E	M25	2	0.6277663254	1.583326154	True	0.4346	0.6425
C_default	M25	2				0.4346	0.6425
C_relaxed	M25	2	0.9518	1.9640		0.4346	0.6425
A	M24	2	0.7815667646	1.647695702	False	0.4648	0.6861
B	M24	2	0.8605638751	1.642268496	True	0.4648	0.6861
E	M24	2	0.6940226068	1.560362545	True	0.4648	0.6861
C_default	M24	2				0.4648	0.6861
C_relaxed	M24	2	1.0522	1.9224		0.4648	0.6861
A	M22	2	0.6978279332	1.768072014	True	0.4892	0.7233
B	M22	2	0.839663204	1.760796298	True	0.4892	0.7233
E	M22	2	0.7344908536	1.597391888	False	0.4892	0.7233
C_default	M22	2				0.4892	0.7233
C_relaxed	M22	2	1.1003	1.9567		0.4892	0.7233
A	M23	2	0.528494435	1.72710254	False	0.4770	0.5420
B	M23	2	0.7781547132	1.72710254	False	0.4770	0.5420
E	M23	2	0.4639714947	1.577923715	True	0.4770	0.5420
C_default	M23	2				0.4770	0.5420
C_relaxed	M23	2	0.8106	1.8831		0.4770	0.5420
A	M19	2	0.6760302809	1.644581351	False	0.5776	0.8862
B	M19	2	1.123393951	1.638920693	False	0.5776	0.8862
E	M19	2			False	0.5776	0.8862
C_default	M19	2				0.5776	0.8862
C_relaxed	M19	2	1.3320	1.9057		0.5776	0.8862
A	M18	2	0.7953280386	1.715045208	True	0.7413	0.8578
B	M18	2	0.989723367	1.715045208	False	0.7413	0.8578
E	M18	2	0.7945006342	1.584689738	True	0.7413	0.8578
C_default	M18	2				0.7413	0.8578
C_relaxed	M18	2	1.1479	1.8919		0.7413	0.8578
A	M17	2	0.5862041044	1.813287042	False	0.7440	0.7020
B	M17	2	0.9442316876	1.808256326	False	0.7440	0.7020
E	M17	2	0.516272084	1.684023074	False	0.7440	0.7020
C_default	M17	2				0.7440	0.7020
C_relaxed	M17	2	0.8748	1.9759		0.7440	0.7020
A	M13	2	0.8863205932	1.722488126	True	0.8612	1.0326
B	M13	2	1.069212342	1.722488126	False	0.8612	1.0326
E	M13	2	0.8617351371	1.617653001	True	0.8612	1.0326
C_default	M13	2				0.8612	1.0326
C_relaxed	M13	2	0.9318	1.9001		0.8612	1.0326
A	M12	2	1.051601651	1.778024625	False	1.0220	1.1568
B	M12	2	1.287349401	1.762298694	False	1.0220	1.1568
E	M12	2	0.9849466249	1.601545887	False	1.0220	1.1568
C_default	M12	2				1.0220	1.1568
C_relaxed	M12	2	1.3187	1.9380		1.0220	1.1568
A	M1	2	1.715323888	1.660511491	True	1.7207	1.7250
B	M1	2	1.837891458	1.660511491	True	1.7207	1.7250
E	M1	2	1.614232374	1.498965962	False	1.7207	1.7250
C_default	M1	2				1.7207	1.7250
C_relaxed	M1	2	2.0131	1.9024		1.7207	1.7250
A	M10	2	0.9959622999	1.765012349	True	1.1500	1.2108
B	M10	2	1.016815635	1.765012349	True	1.1500	1.2108
E	M10	2	1.049750982	1.581062036	False	1.1500	1.2108
C_default	M10	2				1.1500	1.2108
C_relaxed	M10	2	1.1761	1.8476		1.1500	1.2108
A	M4	2	1.218972839	1.860766129	False	1.3718	1.5315
B	M4	2	1.352747007	1.860766129	False	1.3718	1.5315
E	M4	2	1.187648681	1.704146098	False	1.3718	1.5315
C_default	M4	2				1.3718	1.5315
C_relaxed	M4	2	1.5354	1.9318		1.3718	1.5315
A	M6	5	1.31025394	4.055030463	True	1.3549	1.3298
B	M6	5	1.27472662	4.055030463	True	1.3549	1.3298
E	M6	5	1.43972576	3.738774317	True	1.3549	1.3298
C_default	M6	5				1.3549	1.3298
C_relaxed	M6	5	1.4076	3.6180		1.3549	1.3298
A	M3	5	1.489734083	4.052425682	True	1.4380	1.4630
B	M3	5	1.496085911	4.052425682	True	1.4380	1.4630
E	M3	5	1.487925156	3.76828091	True	1.4380	1.4630
C_default	M3	5				1.4380	1.4630
C_relaxed	M3	5	1.5932	3.5259		1.4380	1.4630
A	M2	5	1.805282035	4.487063667	True	1.5100	1.6844
B	M2	5	1.854357334	4.487063667	True	1.5100	1.6844
E	M2	5	1.675878967	4.056636843	True	1.5100	1.6844
C_default	M2	5				1.5100	1.6844
C_relaxed	M2	5	1.6765	3.6376		1.5100	1.6844
A	RUN_OUT	5	0.04551006838	4.379683029	False		
B	RUN_OUT	5	0.3834865174	4.329140207	False		
E	RUN_OUT	5	-0.008715713586	4.067498302	True		
C_default	RUN_OUT	5					
C_relaxed	RUN_OUT	5	0.2406	4.2000			
A	M27	5	0.5198458516	4.100119929	False	0.3992	0.5526
B	M27	5	0.6120252644	4.100119929	True	0.3992	0.5526
E	M27	5	0.5402520897	3.86687082	True	0.3992	0.5526
C_default	M27	5				0.3992	0.5526
C_relaxed	M27	5	0.7553	4.0648		0.3992	0.5526
A	M25	5	0.6304910441	4.236389243	True	0.4346	0.6425
B	M25	5	0.6929530112	4.236389243	True	0.4346	0.6425
E	M25	5	0.604652999	3.943146623	True	0.4346	0.6425
C_default	M25	5				0.4346	0.6425
C_relaxed	M25	5	0.7328	3.9773		0.4346	0.6425
A	M24	5	0.6336296871	4.096738823	True	0.4648	0.6861
B	M24	5	0.6786301802	4.096738823	True	0.4648	0.6861
E	M24	5	0.6089070144	3.849043819	True	0.4648	0.6861
C_default	M24	5				0.4648	0.6861
C_relaxed	M24	5	0.7715	4.0525		0.4648	0.6861
A	M22	5	0.7034565769	4.178829285	True	0.4892	0.7233
B	M22	5	0.765561379	4.178829285	True	0.4892	0.7233
E	M22	5	0.6993308525	3.872198463	True	0.4892	0.7233
C_default	M22	5				0.4892	0.7233
C_relaxed	M22	5	0.8486	3.7302		0.4892	0.7233
A	M23	5	0.5571711359	4.110358088	True	0.4770	0.5420
B	M23	5	0.6134163939	4.110358088	True	0.4770	0.5420
E	M23	5	0.5693741768	3.852781219	True	0.4770	0.5420
C_default	M23	5				0.4770	0.5420
C_relaxed	M23	5	0.7621	4.0144		0.4770	0.5420
A	M19	5	0.8546863096	3.81674668	True	0.5776	0.8862
B	M19	5	1.074298559	3.81674668	True	0.5776	0.8862
E	M19	5	0.7850289313	3.54246472	True	0.5776	0.8862
C_default	M19	5				0.5776	0.8862
C_relaxed	M19	5	0.8937	3.5769		0.5776	0.8862
A	M18	5	0.8255553578	4.145572638	True	0.7413	0.8578
B	M18	5	0.844841405	4.145572638	True	0.7413	0.8578
E	M18	5	0.8852444092	3.870050906	True	0.7413	0.8578
C_default	M18	5				0.7413	0.8578
C_relaxed	M18	5	1.0165	3.6734		0.7413	0.8578
A	M17	5	0.7153290387	4.234591438	True	0.7440	0.7020
B	M17	5	0.7820078077	4.234591438	True	0.7440	0.7020
E	M17	5	0.7238538473	4.010157242	True	0.7440	0.7020
C_default	M17	5				0.7440	0.7020
C_relaxed	M17	5	0.8405	3.7654		0.7440	0.7020
A	M13	5	1.009291839	4.130957207	True	0.8612	1.0326
B	M13	5	1.046698678	4.130957207	True	0.8612	1.0326
E	M13	5	0.9625529252	3.86432631	True	0.8612	1.0326
C_default	M13	5				0.8612	1.0326
C_relaxed	M13	5	1.0940	3.7555		0.8612	1.0326
A	M12	5	1.260551627	4.196206004	True	1.0220	1.1568
B	M12	5	1.330105432	4.196206004	True	1.0220	1.1568
E	M12	5	1.152627038	3.838963842	True	1.0220	1.1568
C_default	M12	5				1.0220	1.1568
C_relaxed	M12	5	1.2447	3.5642		1.0220	1.1568
A	M1	5	1.753768896	4.097618779	True	1.7207	1.7250
B	M1	5	1.783877777	4.097618779	True	1.7207	1.7250
E	M1	5	1.741464658	3.742089356	True	1.7207	1.7250
C_default	M1	5				1.7207	1.7250
C_relaxed	M1	5	1.7486	3.5673		1.7207	1.7250
A	M10	5	1.148118106	4.11296252	True	1.1500	1.2108
B	M10	5	1.196552754	4.11296252	True	1.1500	1.2108
E	M10	5	1.154284371	3.737549693	True	1.1500	1.2108
C_default	M10	5				1.1500	1.2108
C_relaxed	M10	5	1.2734	3.6328		1.1500	1.2108
A	M4	5	1.394987338	4.354525919	True	1.3718	1.5315
B	M4	5	1.46027539	4.354525919	True	1.3718	1.5315
E	M4	5	1.454786013	4.023846459	True	1.3718	1.5315
C_default	M4	5				1.3718	1.5315
C_relaxed	M4	5	1.5313	3.5790		1.3718	1.5315
A	M6	10	1.347062992	8.078962652	True	1.3549	1.3298
B	M6	10	1.343505846	8.078962652	True	1.3549	1.3298
E	M6	10	1.337849755	7.491427407	True	1.3549	1.3298
C_default	M6	10	1.1518	7.2350		1.3549	1.3298
C_relaxed	M6	10	1.1518	7.2350		1.3549	1.3298
A	M3	10	1.496762796	8.054714384	True	1.4380	1.4630
B	M3	10	1.51558835	8.054714384	True	1.4380	1.4630
E	M3	10	1.527883872	7.453582974	True	1.4380	1.4630
C_default	M3	10	1.3337	7.1331		1.4380	1.4630
C_relaxed	M3	10	1.3337	7.1331		1.4380	1.4630
A	M2	10	1.793359752	8.458594476	False	1.5100	1.6844
B	M2	10	1.795584459	8.458594476	True	1.5100	1.6844
E	M2	10	1.684128303	7.899204709	True	1.5100	1.6844
C_default	M2	10	1.5188	6.2992		1.5100	1.6844
C_relaxed	M2	10	1.5188	6.2992		1.5100	1.6844
A	RUN_OUT	10	0.02874529721	8.66918211	True		
B	RUN_OUT	10	0.3861122506	8.698974819	False		
E	RUN_OUT	10	0.07738053036	8.254732535	True		
C_default	RUN_OUT	10	0.2306	7.5739			
C_relaxed	RUN_OUT	10	0.2306	7.5739			
A	M27	10	0.520061394	8.202336756	True	0.3992	0.5526
B	M27	10	0.540670837	8.202336756	True	0.3992	0.5526
E	M27	10	0.5206769779	7.729689626	True	0.3992	0.5526
C_default	M27	10	0.5423	7.6674		0.3992	0.5526
C_relaxed	M27	10	0.5423	7.6674		0.3992	0.5526
A	M25	10	0.6438211253	8.351419277	True	0.4346	0.6425
B	M25	10	0.6910429061	8.351419277	True	0.4346	0.6425
E	M25	10	0.6368730832	7.829789294	True	0.4346	0.6425
C_default	M25	10	0.6150	7.4471		0.4346	0.6425
C_relaxed	M25	10	0.6150	7.4471		0.4346	0.6425
A	M24	10	0.6442468288	8.138518682	True	0.4648	0.6861
B	M24	10	0.6826710121	8.138518682	True	0.4648	0.6861
E	M24	10	0.6492470568	7.661369857	True	0.4648	0.6861
C_default	M24	10	0.5938	7.6020		0.4648	0.6861
C_relaxed	M24	10	0.5938	7.6020		0.4648	0.6861
A	M22	10	0.7636538015	8.333558592	True	0.4892	0.7233
B	M22	10	0.7934461006	8.333558592	True	0.4892	0.7233
E	M22	10	0.7145954743	7.634339352	True	0.4892	0.7233
C_default	M22	10	0.6024	7.1216		0.4892	0.7233
C_relaxed	M22	10	0.6024	7.1216		0.4892	0.7233
A	M23	10	0.5637511175	8.192104414	True	0.4770	0.5420
B	M23	10	0.5848272256	8.192104414	True	0.4770	0.5420
E	M23	10	0.5878124329	7.717970064	True	0.4770	0.5420
C_default	M23	10	0.5490	7.5167		0.4770	0.5420
C_relaxed	M23	10	0.5490	7.5167		0.4770	0.5420
A	M19	10	0.9362687406	7.503633458	True	0.5776	0.8862
B	M19	10	1.201256567	7.503633458	True	0.5776	0.8862
E	M19	10	0.8408757256	6.907259437	True	0.5776	0.8862
C_default	M19	10	0.7636	6.5480		0.5776	0.8862
C_relaxed	M19	10	0.7636	6.5480		0.5776	0.8862
A	M18	10	0.8397292979	8.211686482	True	0.7413	0.8578
B	M18	10	0.8375012927	8.211686482	True	0.7413	0.8578
E	M18	10	0.8407545777	7.778805576	True	0.7413	0.8578
C_default	M18	10	0.7591	7.3459		0.7413	0.8578
C_relaxed	M18	10	0.7591	7.3459		0.7413	0.8578
A	M17	10	0.6810481122	8.457624806	True	0.7440	0.7020
B	M17	10	0.7839722686	8.457624806	False	0.7440	0.7020
E	M17	10	0.7448695608	8.150406863	True	0.7440	0.7020
C_default	M17	10	0.6007	7.1566		0.7440	0.7020
C_relaxed	M17	10	0.6007	7.1566		0.7440	0.7020
A	M13	10	1.008173394	8.183668524	True	0.8612	1.0326
B	M13	10	0.9979014615	8.183668524	True	0.8612	1.0326
E	M13	10	1.01828429	7.729324241	True	0.8612	1.0326
C_default	M13	10	0.8814	7.3211		0.8612	1.0326
C_relaxed	M13	10	0.8814	7.3211		0.8612	1.0326
A	M12	10	1.224278684	8.279563822	True	1.0220	1.1568
B	M12	10	1.310185411	8.279563822	True	1.0220	1.1568
E	M12	10	1.212982586	7.546518362	True	1.0220	1.1568
C_default	M12	10	1.0084	6.7200		1.0220	1.1568
C_relaxed	M12	10	1.0084	6.7200		1.0220	1.1568
A	M1	10	1.81389611	8.06987744	True	1.7207	1.7250
B	M1	10	1.800957447	8.06987744	True	1.7207	1.7250
E	M1	10	1.800598338	7.462702768	True	1.7207	1.7250
C_default	M1	10	1.6473	6.9103		1.7207	1.7250
C_relaxed	M1	10	1.6473	6.9103		1.7207	1.7250
A	M10	10	1.244437173	8.176410504	True	1.1500	1.2108
B	M10	10	1.190833348	8.176410504	True	1.1500	1.2108
E	M10	10	1.212504842	7.500864028	True	1.1500	1.2108
C_default	M10	10	1.0572	7.2135		1.1500	1.2108
C_relaxed	M10	10	1.0572	7.2135		1.1500	1.2108
A	M4	10	1.548475124	8.700351305	True	1.3718	1.5315
B	M4	10	1.645095453	8.700351305	True	1.3718	1.5315
E	M4	10	1.564499612	7.939649231	True	1.3718	1.5315
C_default	M4	10	1.4409	6.6517		1.3718	1.5315
C_relaxed	M4	10	1.4409	6.6517		1.3718	1.5315
