MST.139	skipped	/lustre1/g/aos_shihuang/sk2bgrow-hpc/bench/public_2brad/per_sample_sp/CRA019236/MST.139/noGC_glm/output.tsv
MST.02	complete	/lustre1/g/aos_shihuang/sk2bgrow-hpc/bench/public_2brad/per_sample_sp/CRA019236/MST.02/noGC_glm/output.tsv
MEC.01	complete	/lustre1/g/aos_shihuang/sk2bgrow-hpc/bench/public_2brad/per_sample_sp/CRA019236/MEC.01/noGC_glm/output.tsv
MEC.53	complete	/lustre1/g/aos_shihuang/sk2bgrow-hpc/bench/public_2brad/per_sample_sp/CRA019236/MEC.53/noGC_glm/output.tsv
MST.145	complete	/lustre1/g/aos_shihuang/sk2bgrow-hpc/bench/public_2brad/per_sample_sp/CRA019236/MST.145/noGC_glm/output.tsv
MST.168	complete	/lustre1/g/aos_shihuang/sk2bgrow-hpc/bench/public_2brad/per_sample_sp/CRA019236/MST.168/noGC_glm/output.tsv
MST.205	complete	/lustre1/g/aos_shihuang/sk2bgrow-hpc/bench/public_2brad/per_sample_sp/CRA019236/MST.205/noGC_glm/output.tsv
MST.31	complete	/lustre1/g/aos_shihuang/sk2bgrow-hpc/bench/public_2brad/per_sample_sp/CRA019236/MST.31/noGC_glm/output.tsv
MST.156	complete	/lustre1/g/aos_shihuang/sk2bgrow-hpc/bench/public_2brad/per_sample_sp/CRA019236/MST.156/noGC_glm/output.tsv
MST.38	complete	/lustre1/g/aos_shihuang/sk2bgrow-hpc/bench/public_2brad/per_sample_sp/CRA019236/MST.38/noGC_glm/output.tsv
MST.196	complete	/lustre1/g/aos_shihuang/sk2bgrow-hpc/bench/public_2brad/per_sample_sp/CRA019236/MST.196/noGC_glm/output.tsv
MEC.158	complete	/lustre1/g/aos_shihuang/sk2bgrow-hpc/bench/public_2brad/per_sample_sp/CRA019236/MEC.158/noGC_glm/output.tsv
MEC.145	complete	/lustre1/g/aos_shihuang/sk2bgrow-hpc/bench/public_2brad/per_sample_sp/CRA019236/MEC.145/noGC_glm/output.tsv
MST.155	complete	/lustre1/g/aos_shihuang/sk2bgrow-hpc/bench/public_2brad/per_sample_sp/CRA019236/MST.155/noGC_glm/output.tsv
MEC.177	complete	/lustre1/g/aos_shihuang/sk2bgrow-hpc/bench/public_2brad/per_sample_sp/CRA019236/MEC.177/noGC_glm/output.tsv
MEC.141	complete	/lustre1/g/aos_shihuang/sk2bgrow-hpc/bench/public_2brad/per_sample_sp/CRA019236/MEC.141/noGC_glm/output.tsv
MST.141	complete	/lustre1/g/aos_shihuang/sk2bgrow-hpc/bench/public_2brad/per_sample_sp/CRA019236/MST.141/noGC_glm/output.tsv
MST.19	complete	/lustre1/g/aos_shihuang/sk2bgrow-hpc/bench/public_2brad/per_sample_sp/CRA019236/MST.19/noGC_glm/output.tsv
MST.177	complete	/lustre1/g/aos_shihuang/sk2bgrow-hpc/bench/public_2brad/per_sample_sp/CRA019236/MST.177/noGC_glm/output.tsv
MEC.122	complete	/lustre1/g/aos_shihuang/sk2bgrow-hpc/bench/public_2brad/per_sample_sp/CRA019236/MEC.122/noGC_glm/output.tsv
MEC.205	complete	/lustre1/g/aos_shihuang/sk2bgrow-hpc/bench/public_2brad/per_sample_sp/CRA019236/MEC.205/noGC_glm/output.tsv
MEC.02	complete	/lustre1/g/aos_shihuang/sk2bgrow-hpc/bench/public_2brad/per_sample_sp/CRA019236/MEC.02/noGC_glm/output.tsv
MST.01	complete	/lustre1/g/aos_shihuang/sk2bgrow-hpc/bench/public_2brad/per_sample_sp/CRA019236/MST.01/noGC_glm/output.tsv
MEC.29	complete	/lustre1/g/aos_shihuang/sk2bgrow-hpc/bench/public_2brad/per_sample_sp/CRA019236/MEC.29/noGC_glm/output.tsv
MST.165	complete	/lustre1/g/aos_shihuang/sk2bgrow-hpc/bench/public_2brad/per_sample_sp/CRA019236/MST.165/noGC_glm/output.tsv
MST.122	complete	/lustre1/g/aos_shihuang/sk2bgrow-hpc/bench/public_2brad/per_sample_sp/CRA019236/MST.122/noGC_glm/output.tsv
MEC.165	complete	/lustre1/g/aos_shihuang/sk2bgrow-hpc/bench/public_2brad/per_sample_sp/CRA019236/MEC.165/noGC_glm/output.tsv
MEC.186	complete	/lustre1/g/aos_shihuang/sk2bgrow-hpc/bench/public_2brad/per_sample_sp/CRA019236/MEC.186/noGC_glm/output.tsv
MST.154	complete	/lustre1/g/aos_shihuang/sk2bgrow-hpc/bench/public_2brad/per_sample_sp/CRA019236/MST.154/noGC_glm/output.tsv
MST.142	complete	/lustre1/g/aos_shihuang/sk2bgrow-hpc/bench/public_2brad/per_sample_sp/CRA019236/MST.142/noGC_glm/output.tsv
MEC.136	complete	/lustre1/g/aos_shihuang/sk2bgrow-hpc/bench/public_2brad/per_sample_sp/CRA019236/MEC.136/noGC_glm/output.tsv
MEC.155	complete	/lustre1/g/aos_shihuang/sk2bgrow-hpc/bench/public_2brad/per_sample_sp/CRA019236/MEC.155/noGC_glm/output.tsv
MEC.120	complete	/lustre1/g/aos_shihuang/sk2bgrow-hpc/bench/public_2brad/per_sample_sp/CRA019236/MEC.120/noGC_glm/output.tsv
MST.186	complete	/lustre1/g/aos_shihuang/sk2bgrow-hpc/bench/public_2brad/per_sample_sp/CRA019236/MST.186/noGC_glm/output.tsv
MEC.167	complete	/lustre1/g/aos_shihuang/sk2bgrow-hpc/bench/public_2brad/per_sample_sp/CRA019236/MEC.167/noGC_glm/output.tsv
MEC.139	complete	/lustre1/g/aos_shihuang/sk2bgrow-hpc/bench/public_2brad/per_sample_sp/CRA019236/MEC.139/noGC_glm/output.tsv
MST.169	complete	/lustre1/g/aos_shihuang/sk2bgrow-hpc/bench/public_2brad/per_sample_sp/CRA019236/MST.169/noGC_glm/output.tsv
MST.101	complete	/lustre1/g/aos_shihuang/sk2bgrow-hpc/bench/public_2brad/per_sample_sp/CRA019236/MST.101/noGC_glm/output.tsv
MST.151	complete	/lustre1/g/aos_shihuang/sk2bgrow-hpc/bench/public_2brad/per_sample_sp/CRA019236/MST.151/noGC_glm/output.tsv
MEC.156	complete	/lustre1/g/aos_shihuang/sk2bgrow-hpc/bench/public_2brad/per_sample_sp/CRA019236/MEC.156/noGC_glm/output.tsv
MEC.31	complete	/lustre1/g/aos_shihuang/sk2bgrow-hpc/bench/public_2brad/per_sample_sp/CRA019236/MEC.31/noGC_glm/output.tsv
MEC.101	complete	/lustre1/g/aos_shihuang/sk2bgrow-hpc/bench/public_2brad/per_sample_sp/CRA019236/MEC.101/noGC_glm/output.tsv
MST.158	complete	/lustre1/g/aos_shihuang/sk2bgrow-hpc/bench/public_2brad/per_sample_sp/CRA019236/MST.158/noGC_glm/output.tsv
MST.143	complete	/lustre1/g/aos_shihuang/sk2bgrow-hpc/bench/public_2brad/per_sample_sp/CRA019236/MST.143/noGC_glm/output.tsv
MEC.154	complete	/lustre1/g/aos_shihuang/sk2bgrow-hpc/bench/public_2brad/per_sample_sp/CRA019236/MEC.154/noGC_glm/output.tsv
MST.53	complete	/lustre1/g/aos_shihuang/sk2bgrow-hpc/bench/public_2brad/per_sample_sp/CRA019236/MST.53/noGC_glm/output.tsv
MST.126	complete	/lustre1/g/aos_shihuang/sk2bgrow-hpc/bench/public_2brad/per_sample_sp/CRA019236/MST.126/noGC_glm/output.tsv
MEC.123	complete	/lustre1/g/aos_shihuang/sk2bgrow-hpc/bench/public_2brad/per_sample_sp/CRA019236/MEC.123/noGC_glm/output.tsv
MEC.143	complete	/lustre1/g/aos_shihuang/sk2bgrow-hpc/bench/public_2brad/per_sample_sp/CRA019236/MEC.143/noGC_glm/output.tsv
MST.100	complete	/lustre1/g/aos_shihuang/sk2bgrow-hpc/bench/public_2brad/per_sample_sp/CRA019236/MST.100/noGC_glm/output.tsv
MST.162	complete	/lustre1/g/aos_shihuang/sk2bgrow-hpc/bench/public_2brad/per_sample_sp/CRA019236/MST.162/noGC_glm/output.tsv
MST.123	complete	/lustre1/g/aos_shihuang/sk2bgrow-hpc/bench/public_2brad/per_sample_sp/CRA019236/MST.123/noGC_glm/output.tsv
MEC.151	complete	/lustre1/g/aos_shihuang/sk2bgrow-hpc/bench/public_2brad/per_sample_sp/CRA019236/MEC.151/noGC_glm/output.tsv
MEC.19	complete	/lustre1/g/aos_shihuang/sk2bgrow-hpc/bench/public_2brad/per_sample_sp/CRA019236/MEC.19/noGC_glm/output.tsv
MST.130	complete	/lustre1/g/aos_shihuang/sk2bgrow-hpc/bench/public_2brad/per_sample_sp/CRA019236/MST.130/noGC_glm/output.tsv
MST.27	complete	/lustre1/g/aos_shihuang/sk2bgrow-hpc/bench/public_2brad/per_sample_sp/CRA019236/MST.27/noGC_glm/output.tsv
MEC.100	complete	/lustre1/g/aos_shihuang/sk2bgrow-hpc/bench/public_2brad/per_sample_sp/CRA019236/MEC.100/noGC_glm/output.tsv
MST.136	complete	/lustre1/g/aos_shihuang/sk2bgrow-hpc/bench/public_2brad/per_sample_sp/CRA019236/MST.136/noGC_glm/output.tsv
MEC.38	complete	/lustre1/g/aos_shihuang/sk2bgrow-hpc/bench/public_2brad/per_sample_sp/CRA019236/MEC.38/noGC_glm/output.tsv
MEC.27	complete	/lustre1/g/aos_shihuang/sk2bgrow-hpc/bench/public_2brad/per_sample_sp/CRA019236/MEC.27/noGC_glm/output.tsv
MST.146	complete	/lustre1/g/aos_shihuang/sk2bgrow-hpc/bench/public_2brad/per_sample_sp/CRA019236/MST.146/noGC_glm/output.tsv
MEC.168	complete	/lustre1/g/aos_shihuang/sk2bgrow-hpc/bench/public_2brad/per_sample_sp/CRA019236/MEC.168/noGC_glm/output.tsv
MEC.72	complete	/lustre1/g/aos_shihuang/sk2bgrow-hpc/bench/public_2brad/per_sample_sp/CRA019236/MEC.72/noGC_glm/output.tsv
